Iteration	Posterior	Likelihood	Prior	rate_log_sd	rate_loss	root_freqs[1]	root_freqs[2]	tree_length
0	-2667.711	-3288.924	621.2125	1.559186	1.122827	0.663761	0.336239	4.020727
6	-2657.949	-3279.515	621.5654	1.59737	1.19084	0.636783	0.363217	3.761356
12	-2672.178	-3292.86	620.6817	1.637644	1.21878	0.606061	0.393939	4.229615
18	-2678.316	-3300.312	621.9968	1.665547	1.21878	0.684068	0.315932	3.457265
24	-2643.998	-3263.455	619.4569	1.407258	1.440149	0.757039	0.242961	4.946139
30	-2676.109	-3297.207	621.0984	1.764453	1.217537	0.647777	0.352223	3.92044
36	-2675.445	-3296.843	621.3982	1.755356	1.199589	0.728412	0.271588	3.762273
42	-2666.189	-3285.227	619.0374	1.482117	1.446929	0.688385	0.311615	5.13455
48	-2679.393	-3300.026	620.6328	1.688437	1.317063	0.691083	0.308917	4.181903
54	-2685.725	-3306.086	620.3605	1.571469	1.518409	0.73465	0.26535	4.314911
60	-2680.069	-3301.866	621.7962	1.611484	1.455462	0.669366	0.330634	3.49493
66	-2686.739	-3306.732	619.9932	1.688024	2.125104	0.758964	0.241036	4.238668
72	-2669.388	-3288.568	619.1805	1.533882	1.568516	0.566263	0.433737	4.977085
78	-2662.031	-3280.503	618.4721	1.494636	1.734967	0.566263	0.433737	5.328271
84	-2676.188	-3297.587	621.399	1.865529	1.363593	0.673359	0.326641	3.619388
90	-2661.059	-3282.527	621.4682	1.896196	1.866321	0.694316	0.305684	3.356538
96	-2672.299	-3294.415	622.116	1.789104	1.728867	0.775305	0.224695	3.088369
102	-2668.012	-3290.095	622.0825	1.679834	1.586706	0.688624	0.311376	3.230621
108	-2666.195	-3287.05	620.8543	1.658721	1.711119	0.790598	0.209402	3.907975
114	-2668.216	-3289.099	620.883	1.693764	1.460474	0.690007	0.309993	3.972533
120	-2654.507	-3275.449	620.9413	1.681627	1.460474	0.612218	0.387782	3.946127
126	-2652.972	-3273.643	620.6711	1.648682	1.910705	0.764213	0.235787	3.946127
132	-2667.225	-3287.984	620.7597	1.709459	1.626015	0.717004	0.282996	3.966036
138	-2666.042	-3286.766	620.7243	1.680326	1.721759	0.625543	0.374457	3.966036
144	-2683.812	-3304.159	620.3464	1.683298	1.134371	0.638373	0.361627	4.435505
150	-2668.837	-3288.802	619.9643	1.553482	2.128142	0.633323	0.366677	4.330201
156	-2670.465	-3291.593	621.1285	1.719239	1.777272	0.72904	0.27096	3.690348
162	-2688.209	-3308.919	620.7104	1.719363	1.452693	0.686213	0.313787	4.059872
168	-2675.506	-3295.975	620.4691	1.840435	1.896861	0.676368	0.323632	3.956813
174	-2673.545	-3294.139	620.5933	1.863882	1.329754	0.699765	0.300235	4.098754
180	-2688.268	-3309.538	621.2698	1.873922	1.435065	0.702849	0.297151	3.657352
186	-2700.376	-3321.384	621.0079	1.708852	1.590874	0.717123	0.282877	3.838057
192	-2672.057	-3293.181	621.1246	1.761925	1.185684	0.663385	0.336615	3.922769
198	-2667.294	-3287.083	619.789	1.492476	1.106531	0.624046	0.375954	4.869066
204	-2666.683	-3287.084	620.4007	1.501745	1.369098	0.633296	0.366704	4.39537
210	-2668.675	-3289.236	620.5613	1.493981	1.105569	0.683649	0.316351	4.435995
216	-2643.747	-3264.436	620.689	1.577775	1.497671	0.685088	0.314912	4.133602
222	-2634.296	-3255.984	621.6879	1.789144	1.365319	0.683041	0.316959	3.494945
228	-2645.835	-3266.452	620.6178	1.7948	1.620033	0.543237	0.456763	4.000782
234	-2668.294	-3289.234	620.94	1.70654	1.308035	0.590701	0.409299	4.000782
240	-2666.445	-3287.624	621.1784	1.633159	1.2094	0.672879	0.327121	3.953833
246	-2672.146	-3292.637	620.4915	1.830074	1.2094	0.679808	0.320192	4.232937
252	-2665.375	-3284.751	619.3761	1.727547	1.315704	0.704772	0.295228	4.867136
258	-2652.607	-3272.149	619.5414	1.592718	1.278575	0.725916	0.274084	4.867136
264	-2660.248	-3279.477	619.2294	1.671459	1.672626	0.660637	0.339363	4.833159
270	-2651.855	-3271.586	619.731	1.710196	1.402525	0.660918	0.339082	4.640081
276	-2648.625	-3268.778	620.1522	1.718163	1.586907	0.718095	0.281905	4.322034
282	-2699.719	-3318.069	618.3499	1.391873	1.392808	0.655277	0.344723	5.586312
288	-2682.117	-3300.946	618.8291	1.332101	1.337542	0.640775	0.359225	5.379564
294	-2685.1	-3306	620.8997	1.686495	1.658081	0.633024	0.366976	3.886447
300	-2690.065	-3311.021	620.9563	1.758285	1.751843	0.730492	0.269508	3.776748
306	-2683.236	-3303.708	620.4719	1.699467	2.055792	0.691084	0.308916	3.981988
312	-2673.964	-3294.199	620.2357	1.533699	1.5042	0.699907	0.300093	4.412554
318	-2666.384	-3286.212	619.8276	1.539364	1.324796	0.750084	0.249916	4.715987
324	-2657.833	-3276.112	618.2792	1.542706	1.521785	0.655597	0.344403	5.48904
330	-2680.681	-3300.132	619.4507	1.339219	1.320131	0.667353	0.332647	5.039609
336	-2679.941	-3297.612	617.6711	1.372532	1.568889	0.618812	0.381188	5.897153
342	-2667.112	-3287.48	620.3673	1.458076	1.401543	0.754173	0.245827	4.424599
348	-2662.199	-3282.734	620.5353	1.592819	1.338752	0.743811	0.256189	4.28148
354	-2651.206	-3271.604	620.3981	1.599959	1.508757	0.636091	0.363909	4.28148
360	-2673.166	-3294.938	621.7724	1.709528	1.36939	0.636091	0.363909	3.490235
366	-2665.476	-3286.81	621.3339	1.684106	1.117459	0.636091	0.363909	3.882539
372	-2673.758	-3294.648	620.8896	1.693841	1.58333	0.678169	0.321831	3.917639
378	-2672.158	-3292.962	620.8034	1.688123	1.325291	0.623226	0.376774	4.081277
384	-2698.108	-3319.294	621.1863	1.45505	1.39909	0.664902	0.335098	3.962383
390	-2681.399	-3302.251	620.8516	1.73237	1.474651	0.551429	0.448571	3.962383
396	-2670.33	-3291.184	620.8546	1.661257	1.568354	0.551429	0.448571	3.962383
402	-2676.687	-3298.185	621.4976	1.739965	1.545689	0.724516	0.275484	3.555431
408	-2685.055	-3306.195	621.1402	1.732629	1.562527	0.664932	0.335068	3.759753
414	-2679.561	-3300.443	620.8817	1.739923	1.427893	0.617595	0.382405	3.960962
420	-2640.917	-3262.481	621.5645	1.861345	1.427893	0.716468	0.283532	3.496488
426	-2651.978	-3273.481	621.5033	1.742968	1.242581	0.687989	0.312011	3.687348
432	-2672.693	-3294.535	621.8425	1.663239	1.008271	0.60916	0.39084	3.661539
438	-2658.133	-3279.257	621.1244	1.599722	1.336392	0.770353	0.229647	3.94327
444	-2657.901	-3280.169	622.2686	1.749171	1.394964	0.681009	0.318991	3.163097
450	-2656.217	-3278.496	622.2789	1.815966	1.112863	0.587822	0.412178	3.258603
456	-2641.247	-3263.617	622.3704	1.685429	1.144084	0.587822	0.412178	3.264811
462	-2676.13	-3297.382	621.2517	1.72759	1.380011	0.709537	0.290463	3.776833
468	-2684.281	-3305.232	620.9506	1.676946	1.474569	0.709537	0.290463	3.937481
474	-2664.96	-3284.712	619.7529	1.56409	1.307458	0.638688	0.361312	4.751836
480	-2660.126	-3281.026	620.9008	1.691251	1.24109	0.654431	0.345569	4.06369
486	-2642.222	-3263.552	621.3298	1.745306	1.576927	0.713401	0.286599	3.636886
492	-2661.852	-3283.305	621.4533	1.658381	1.858015	0.809818	0.190182	3.507426
498	-2669.17	-3289.669	620.4989	1.687376	1.787748	0.66927	0.33073	4.066226
504	-2664.406	-3285.27	620.8638	1.76231	1.693059	0.660273	0.339727	3.849956
510	-2666.838	-3288.065	621.2271	1.881543	1.866653	0.738259	0.261741	3.506121
516	-2682.628	-3304.105	621.4766	1.845189	1.546406	0.665036	0.334964	3.506121
522	-2694.119	-3315.797	621.6778	1.879923	1.24915	0.699503	0.300497	3.50323
528	-2694.734	-3316.27	621.5366	1.864251	1.66814	0.642287	0.357713	3.410369
534	-2688.356	-3309.81	621.4538	1.731738	2.109714	0.680052	0.319948	3.377211
540	-2665.883	-3287.717	621.8337	1.603108	1.010589	0.705838	0.294162	3.700065
546	-2683.551	-3303.476	619.9254	1.524279	1.372574	0.644414	0.355586	4.648407
552	-2666.347	-3287.42	621.0731	1.637314	1.372574	0.630732	0.369268	3.93468
558	-2658.706	-3279.412	620.7054	1.650208	1.403268	0.653487	0.346513	4.123546
564	-2649.247	-3269.893	620.6461	1.658277	1.297416	0.76345	0.23655	4.200586
570	-2639.418	-3259.483	620.0651	1.601677	1.482289	0.626916	0.373084	4.47945
576	-2647.757	-3270.274	622.5169	1.870008	1.423827	0.711167	0.288833	2.928979
582	-2657.182	-3278.373	621.1918	1.872134	1.361262	0.717883	0.282117	3.736573
588	-2657.77	-3277.256	619.4861	1.689781	1.488245	0.655107	0.344893	4.752275
594	-2662.077	-3283.372	621.2958	1.84453	1.494524	0.708211	0.291789	3.633533
600	-2653.497	-3274.337	620.8399	1.700418	1.475833	0.61002	0.38998	3.986856
606	-2643.314	-3263.242	619.928	1.459545	1.320082	0.698316	0.301684	4.706624
612	-2652.984	-3274.754	621.7703	1.725637	1.374618	0.590786	0.409214	3.479693
618	-2649.312	-3269.772	620.4597	1.641775	1.731728	0.662645	0.337355	4.135187
624	-2639.639	-3261.089	621.4492	1.637211	1.465668	0.662645	0.337355	3.677171
630	-2640.898	-3262.051	621.1532	1.759273	1.713077	0.662645	0.337355	3.677171
636	-2659.961	-3280.962	621.0009	1.661756	1.942243	0.662645	0.337355	3.738059
642	-2657.05	-3278.186	621.1364	1.723343	1.382257	0.727208	0.272792	3.844647
648	-2671.141	-3292.113	620.9726	1.711482	1.551682	0.741078	0.258922	3.872786
654	-2673.402	-3294.175	620.7729	1.648197	1.696048	0.662931	0.337069	3.966363
660	-2671.921	-3291.329	619.4078	1.510019	1.456779	0.764104	0.235896	4.909281
666	-2675.041	-3295.226	620.1844	1.495619	1.288383	0.599306	0.400694	4.5572
672	-2665.354	-3286.218	620.8635	1.402411	1.186503	0.705355	0.294645	4.275791
678	-2680.039	-3300.438	620.3991	1.6318	1.304646	0.730221	0.269779	4.35208
684	-2653.58	-3274.898	621.3184	1.557248	1.626967	0.615985	0.384015	3.732103
690	-2661.353	-3281.67	620.3171	1.809258	1.506318	0.668452	0.331548	4.209769
696	-2674.462	-3294.864	620.402	1.579398	1.714851	0.79345	0.20655	4.209769
702	-2666.473	-3287.316	620.8428	1.632658	1.867027	0.683277	0.316723	3.872262
708	-2677.453	-3297.897	620.4438	1.672452	1.476592	0.808789	0.191211	4.227936
714	-2672.522	-3293.921	621.3988	1.542636	1.363276	0.71655	0.28345	3.806257
720	-2667.563	-3288.793	621.2305	1.749926	1.199164	0.706658	0.293342	3.862104
726	-2662.818	-3283.642	620.8243	1.563032	1.350046	0.592475	0.407525	4.129294
732	-2662.093	-3283.138	621.0444	1.665365	1.355975	0.566162	0.433838	3.942544
738	-2674.394	-3294.432	620.0382	1.67725	1.482413	0.68993	0.31007	4.452022
744	-2663.384	-3283.595	620.2108	1.639035	1.433635	0.674591	0.325409	4.396906
750	-2667.102	-3286.938	619.836	1.496514	1.25032	0.741038	0.258962	4.769667
756	-2660.532	-3280.215	619.683	1.58569	1.364387	0.570139	0.429861	4.753297
762	-2652.796	-3271.679	618.8828	1.603885	2.025095	0.713103	0.286897	4.941128
768	-2653.79	-3272.422	618.6319	1.563614	1.505296	0.713103	0.286897	5.289784
774	-2649.242	-3270.672	621.4297	1.764892	1.248028	0.709912	0.290088	3.714544
780	-2652.875	-3274.599	621.7246	1.781697	1.248028	0.682304	0.317696	3.533786
786	-2659.366	-3280.126	620.7598	1.783273	1.352818	0.581192	0.418808	4.039286
792	-2661.059	-3282.071	621.0125	1.632557	1.764773	0.753425	0.246575	3.811963
798	-2652.84	-3273.365	620.5252	1.779521	1.777666	0.800059	0.199941	4.002299
804	-2680.895	-3303.611	622.7161	1.722905	0.8676506	0.621507	0.378493	3.201643
810	-2666.349	-3287.704	621.3549	1.65544	1.439765	0.6951	0.3049	3.732394
816	-2675.787	-3296.206	620.4187	1.783783	1.438136	0.638774	0.361226	4.195417
822	-2677.803	-3297.549	619.7462	1.507479	1.36001	0.638774	0.361226	4.763576
828	-2675.945	-3295.536	619.5913	1.527369	1.538905	0.749983	0.250017	4.763576
834	-2674.869	-3295.686	620.8165	1.674029	1.565486	0.784162	0.215838	3.978064
840	-2663.118	-3284.051	620.9336	1.775744	1.377866	0.77935	0.22065	3.932905
846	-2670.511	-3292.389	621.8784	1.883536	1.377866	0.628392	0.371608	3.32227
852	-2665.673	-3286.977	621.3043	1.883536	1.872946	0.703255	0.296745	3.4576
858	-2659.866	-3281.179	621.3131	1.732661	1.699309	0.703255	0.296745	3.605188
864	-2648.352	-3268.665	620.3131	1.581195	1.655286	0.60741	0.39259	4.281782
870	-2650.33	-3270.924	620.5943	1.579552	1.527772	0.682122	0.317878	4.173955
876	-2655.618	-3275.259	619.6413	1.640954	1.65502	0.621471	0.378529	4.62659
882	-2643.792	-3264.741	620.9485	1.687928	1.4384	0.602167	0.397833	3.947949
888	-2647.545	-3268.749	621.2041	1.698416	1.526746	0.748372	0.251628	3.757418
894	-2665.46	-3286.28	620.8192	1.739455	1.903521	0.575855	0.424145	3.811533
900	-2665.919	-3285.973	620.0537	1.60596	1.688072	0.56725	0.43275	4.401859
906	-2669.771	-3288.343	618.5718	1.732226	1.688072	0.691756	0.308244	5.159025
912	-2687.664	-3306.525	618.861	1.531962	1.644754	0.700616	0.299384	5.125977
918	-2669.789	-3290.266	620.4768	1.531962	2.12214	0.719377	0.280623	4.05341
924	-2659.439	-3281.816	622.3766	1.653554	1.849202	0.738147	0.261853	2.967349
930	-2648.653	-3270.793	622.1399	1.899469	1.883149	0.770716	0.229284	2.94914
936	-2645.308	-3267.08	621.7719	1.887911	1.591343	0.754268	0.245732	3.289235
942	-2644.039	-3266.842	622.8026	1.735322	1.428985	0.685623	0.314377	2.835248
948	-2645.235	-3265.298	620.0627	1.515929	1.493835	0.772468	0.227532	4.524269
954	-2646.052	-3267.364	621.3123	1.751598	1.522817	0.743347	0.256653	3.665854
960	-2647.065	-3265.172	618.1063	1.434551	1.800021	0.737235	0.262765	5.539612
966	-2656.085	-3275.757	619.672	1.391928	1.814561	0.638007	0.361993	4.690228
972	-2653.672	-3273.896	620.2238	1.64046	1.386169	0.75805	0.24195	4.409382
978	-2650.869	-3270.089	619.2201	1.752212	1.753733	0.658648	0.341352	4.763288
984	-2651.677	-3272.566	620.8889	1.752212	1.457574	0.653758	0.346242	3.936955
990	-2650.794	-3271.541	620.7467	1.804871	1.58071	0.653758	0.346242	3.936955
996	-2639.39	-3260.9	621.5092	1.793172	1.450044	0.730636	0.269364	3.558686
1002	-2642.272	-3264.161	621.889	1.780163	1.822462	0.603073	0.396927	3.19283
1008	-2631.077	-3252.035	620.9571	1.666676	1.42316	0.720944	0.279056	3.961838
1014	-2650.771	-3271.768	620.9976	1.657305	1.565976	0.720944	0.279056	3.883705
1020	-2644.738	-3265.736	620.9977	1.807192	1.902332	0.722785	0.277215	3.669796
1026	-2660.857	-3280.754	619.8978	1.729452	1.850513	0.704727	0.295273	4.360875
1032	-2665.915	-3286.338	620.4237	1.602059	1.878109	0.725994	0.274006	4.125325
1038	-2691.316	-3310.83	619.5144	1.460299	1.646042	0.721963	0.278037	4.802025
1044	-2654.481	-3275.329	620.8481	1.625562	1.579389	0.691557	0.308443	3.982065
1050	-2670.317	-3291.49	621.1729	1.843429	1.830366	0.65501	0.34499	3.573022
1056	-2657.703	-3278.299	620.5966	1.488392	1.75329	0.638626	0.361374	4.136584
1062	-2643.514	-3262.441	618.927	1.465287	1.375692	0.638626	0.361374	5.23532
1068	-2662.201	-3281.719	619.5173	1.357185	1.686627	0.609224	0.390776	4.842654
1074	-2672.147	-3294.026	621.8795	1.808287	1.201521	0.604368	0.395632	3.451142
1080	-2665.327	-3285.733	620.4056	1.66144	1.630524	0.72232	0.27768	4.193439
1086	-2662.995	-3283.272	620.2766	1.659687	1.673573	0.777631	0.222369	4.250968
1092	-2644.472	-3265.049	620.5773	1.569735	1.82725	0.720807	0.279193	4.074279
1098	-2653.273	-3273.192	619.9192	1.569543	1.189349	0.606743	0.393257	4.711668
1104	-2650.101	-3270.166	620.0649	1.541912	1.446507	0.606743	0.393257	4.528248
1110	-2668.797	-3289.208	620.4115	1.612143	1.709303	0.735464	0.264536	4.18788
1116	-2676.208	-3296.439	620.2313	1.443044	1.582517	0.707585	0.292415	4.434461
1122	-2659.573	-3280.603	621.0302	1.721316	1.793644	0.702667	0.297333	3.739872
1128	-2658.062	-3277.906	619.8441	1.61984	1.76078	0.742379	0.257621	4.485114
1134	-2655.527	-3276.265	620.7383	1.494627	1.410058	0.73719	0.26281	4.190299
1140	-2666.3	-3285.925	619.6246	1.488389	1.386013	0.768151	0.231849	4.830733
1146	-2648.743	-3268.41	619.6668	1.541847	1.378147	0.761614	0.238386	4.780753
1152	-2640.871	-3261.05	620.1782	1.517737	1.752487	0.709512	0.290488	4.357336
1158	-2655.714	-3275.775	620.0605	1.555953	1.384598	0.709512	0.290488	4.54953
1164	-2670.881	-3291.379	620.4983	1.605651	1.222542	0.686868	0.313132	4.34966
1170	-2651.281	-3271.234	619.9531	1.486179	1.505114	0.653372	0.346628	4.597859
1176	-2667.54	-3287.21	619.6703	1.591197	1.763502	0.614884	0.385116	4.597859
1182	-2671.423	-3292.601	621.1777	1.642829	1.594511	0.759939	0.240061	3.776899
1188	-2669.605	-3290.363	620.7585	1.748233	1.542884	0.662454	0.337546	3.978036
1194	-2655.994	-3276.939	620.9444	1.626549	1.304274	0.668475	0.331525	4.045727
1200	-2659.597	-3280.068	620.4707	1.592895	1.539371	0.778409	0.221591	4.231756
1206	-2669.834	-3291.14	621.3063	1.712479	1.473297	0.759329	0.240671	3.712979
1212	-2666.168	-3287.54	621.3723	1.747054	1.342878	0.659324	0.340676	3.712979
1218	-2633.41	-3253.959	620.5494	1.485918	1.46795	0.637988	0.362012	4.277476
1224	-2658.253	-3278.73	620.4762	1.559091	1.46795	0.72465	0.27535	4.277476
1230	-2643.209	-3263.304	620.0948	1.586761	1.337837	0.639551	0.360449	4.533779
1236	-2656.822	-3277.188	620.3654	1.414895	1.508401	0.719124	0.280876	4.404711
1242	-2656.714	-3278.622	621.9086	1.825993	1.410471	0.636775	0.363225	3.323448
1248	-2660.458	-3282.587	622.129	1.763727	1.216265	0.636775	0.363225	3.323448
1254	-2658.122	-3279.732	621.6102	1.518757	0.9887674	0.622622	0.377378	3.889923
1260	-2664.577	-3285.507	620.9293	1.686787	1.407451	0.751055	0.248945	3.973121
1266	-2661.462	-3282.646	621.1841	1.547481	1.275542	0.599062	0.400938	3.967462
1272	-2657.45	-3278.059	620.6094	1.603966	1.275542	0.778464	0.221536	4.262452
1278	-2661.014	-3280.87	619.8557	1.439343	1.183901	0.690444	0.309556	4.822517
1284	-2654.203	-3274.683	620.4808	1.465819	1.183901	0.629048	0.370952	4.457389
1290	-2660.07	-3280.789	620.719	1.644009	1.379937	0.6297	0.3703	4.129654
1296	-2654.019	-3274.817	620.7984	1.756089	1.592533	0.662451	0.337549	3.930531
1302	-2661.831	-3282.893	621.0616	1.799294	1.575801	0.678448	0.321552	3.761193
1308	-2679.732	-3300.823	621.0907	1.705982	1.545145	0.717697	0.282303	3.810756
1314	-2694.465	-3314.923	620.4583	1.601029	1.621612	0.608637	0.391363	4.201293
1320	-2654.45	-3275.608	621.1583	1.524129	1.637858	0.581347	0.418653	3.839056
1326	-2673.376	-3293.668	620.2916	1.565661	1.428686	0.739763	0.260237	4.394861
1332	-2655.807	-3277.765	621.9577	1.614304	1.340268	0.762394	0.237606	3.45112
1338	-2663.014	-3284.739	621.7252	1.894934	1.373188	0.695101	0.304899	3.407653
1344	-2649.981	-3270.799	620.8182	1.667426	1.333325	0.70098	0.29902	4.080918
1350	-2648.45	-3269.351	620.9001	1.643909	1.507148	0.721114	0.278886	3.971551
1356	-2670.346	-3291.729	621.3833	1.767461	1.566618	0.540544	0.459456	3.597235
1362	-2664.07	-3284.594	620.5241	1.636414	1.297823	0.621811	0.378189	4.281947
1368	-2665.997	-3286.873	620.8757	1.636414	1.136057	0.664397	0.335603	4.161701
1374	-2642.225	-3263.393	621.1686	1.734278	1.143511	0.664397	0.335603	3.934937
1380	-2652.038	-3272.81	620.7726	1.667255	1.391981	0.724215	0.275785	4.080553
1386	-2664.798	-3285.942	621.1433	1.643056	1.505376	0.657679	0.342321	3.833317
1392	-2665.044	-3286.059	621.0151	1.695667	1.56935	0.671222	0.328778	3.850246
1398	-2658.604	-3278.387	619.7826	1.488522	1.576017	0.671222	0.328778	4.663505
1404	-2677.753	-3298.561	620.8079	1.74218	1.317901	0.644976	0.355024	4.0513
1410	-2668.576	-3288.914	620.3374	1.622129	1.582263	0.644976	0.355024	4.273415
1416	-2648.034	-3267.197	619.1636	1.444075	1.579072	0.679045	0.320955	5.032227
1422	-2646.054	-3267.339	621.2843	1.664376	1.248384	0.811334	0.188666	3.856067
1428	-2666.327	-3287.578	621.2511	1.824238	1.264353	0.751648	0.248352	3.775449
1434	-2674.091	-3296.669	622.5779	1.951105	1.165679	0.651938	0.348062	2.971466
1440	-2672.094	-3293.257	621.1631	1.716169	1.416883	0.632855	0.367145	3.817981
1446	-2668.251	-3289.598	621.3478	1.724645	1.488334	0.598953	0.401047	3.675496
1452	-2675.286	-3296.604	621.3178	1.784278	1.355296	0.744739	0.255261	3.717273
1458	-2679.023	-3300.415	621.3918	1.721176	1.250773	0.635822	0.364178	3.760348
1464	-2661.331	-3281.499	620.1686	1.61958	1.43053	0.637925	0.362075	4.432974
1470	-2659.039	-3279.064	620.0254	1.469745	1.375509	0.637925	0.362075	4.621637
1476	-2662.052	-3281.3	619.2473	1.407895	1.436343	0.637925	0.362075	5.063797
1482	-2670.656	-3290.124	619.4685	1.311015	1.311563	0.707055	0.292945	5.049221
1488	-2667.972	-3287.455	619.4835	1.376464	1.425857	0.579251	0.420749	4.954486
1494	-2699.181	-3320.143	620.9625	1.34907	1.24831	0.749032	0.250968	4.219697
1500	-2686.601	-3304.453	617.8519	1.534527	1.838892	0.681355	0.318645	5.610953
1506	-2692.541	-3312.889	620.3482	1.72283	1.411968	0.607785	0.392215	4.28126
1512	-2677.205	-3297.703	620.4988	1.516439	1.73116	0.703707	0.296293	4.184456
1518	-2672.712	-3293.583	620.8709	1.572309	1.16816	0.53571	0.46429	4.184456
1524	-2668.628	-3289.393	620.7644	1.627138	1.531593	0.610419	0.389581	4.048469
1530	-2675.836	-3296.757	620.9211	1.637363	1.16647	0.638925	0.361075	4.119765
1536	-2682.056	-3302.793	620.737	1.534175	1.240526	0.815995	0.184005	4.246381
1542	-2680.236	-3301.409	621.1732	1.475687	1.339483	0.649385	0.350615	3.984894
1548	-2674.816	-3295.037	620.2209	1.550369	1.259303	0.649553	0.350447	4.519546
1554	-2647.501	-3268.83	621.329	1.527842	1.203255	0.687298	0.312702	3.930936
1560	-2667.411	-3286.625	619.2147	1.520301	1.213082	0.604139	0.395861	5.119717
1566	-2662.054	-3281.791	619.7379	1.583733	1.361693	0.732742	0.267258	4.724867
1572	-2650.866	-3270.943	620.0772	1.634742	1.337683	0.593554	0.406446	4.516762
1578	-2652.283	-3272.398	620.1152	1.703713	1.503407	0.714184	0.285816	4.384941
1584	-2640.687	-3260.541	619.8536	1.630826	1.495674	0.701576	0.298424	4.57639
1590	-2651.592	-3272.876	621.2842	1.854896	1.261193	0.701576	0.298424	3.740215
1596	-2658.987	-3280.663	621.6759	1.752121	0.9833281	0.690696	0.309304	3.720976
1602	-2650.546	-3272.305	621.7592	1.687655	1.341103	0.585387	0.414613	3.523797
1608	-2663.508	-3284.907	621.3983	1.708497	1.681037	0.772009	0.227991	3.576872
1614	-2678.858	-3299.386	620.5274	1.511374	1.153864	0.857748	0.142252	4.420485
1620	-2681.875	-3303.088	621.2121	1.801996	1.25428	0.648492	0.351508	3.815574
1626	-2667.531	-3287.859	620.3283	1.6872	1.477497	0.53609	0.46391	4.28466
1632	-2670.901	-3291.621	620.7201	1.567258	1.114467	0.755207	0.244793	4.300338
1638	-2665.655	-3284.364	618.7089	1.465846	1.495943	0.717328	0.282672	5.305046
1644	-2683.15	-3303.405	620.2548	1.61547	1.790108	0.779975	0.220025	4.245011
1650	-2661.39	-3280.063	618.673	1.554365	1.404488	0.709721	0.290279	5.314048
1656	-2664.607	-3284.867	620.2601	1.477029	1.552752	0.658608	0.341392	4.410955
1662	-2642.279	-3261.531	619.2518	1.525329	1.548935	0.604468	0.395532	4.949947
1668	-2662.185	-3282.35	620.1654	1.523143	1.874603	0.626774	0.373226	4.317787
1674	-2664.793	-3284.396	619.603	1.442769	1.561563	0.769683	0.230317	4.795253
1680	-2666.689	-3287.861	621.1722	1.73548	1.746736	0.656158	0.343842	3.667115
1686	-2679.133	-3300.264	621.1319	1.874206	2.462563	0.578603	0.421397	3.373087
1692	-2672.327	-3293.452	621.1253	1.633284	1.419402	0.679285	0.320715	3.886212
1698	-2682.706	-3301.387	618.6812	1.271748	1.759635	0.679285	0.320715	5.327007
1704	-2680.083	-3301.008	620.9253	1.57178	1.45446	0.646908	0.353092	4.020676
1710	-2651.534	-3273.066	621.5316	1.766881	1.596938	0.702107	0.297893	3.498816
1716	-2657.973	-3279.437	621.4634	1.82732	1.6081	0.695941	0.304059	3.498816
1722	-2668.42	-3289.212	620.7918	1.629095	1.6081	0.683659	0.316341	4.000722
1728	-2662.914	-3283.37	620.4555	1.487753	1.368743	0.764828	0.235172	4.372535
1734	-2661.286	-3281.115	619.8298	1.575363	1.184801	0.607125	0.392875	4.760614
1740	-2665.428	-3285.577	620.1488	1.51838	1.509486	0.612175	0.387825	4.467977
1746	-2654.923	-3275.047	620.1245	1.542711	1.509486	0.635811	0.364189	4.467977
1752	-2661.643	-3282.639	620.9961	1.629979	1.430623	0.736349	0.263651	3.957259
1758	-2653.266	-3274.371	621.1051	1.620274	1.304711	0.673158	0.326842	3.957259
1764	-2653.079	-3272.158	619.0791	1.432632	1.54328	0.644704	0.355296	5.099595
1770	-2665.204	-3284.733	619.5287	1.511148	1.147002	0.703248	0.296752	4.982935
1776	-2662.254	-3282.981	620.7272	1.640709	1.177565	0.703248	0.296752	4.222415
1782	-2659.269	-3280.158	620.8886	1.668172	1.040836	0.624164	0.375836	4.18711
1788	-2662.472	-3280.833	618.3614	1.488433	1.807891	0.777889	0.222111	5.366767
1794	-2660.028	-3279.515	619.4867	1.533655	1.537572	0.732424	0.267576	4.818998
1800	-2650.943	-3270.651	619.7083	1.631856	1.473611	0.736906	0.263094	4.666443
1806	-2661.746	-3282.883	621.1365	1.759987	1.343918	0.715701	0.284299	3.84096
1812	-2677.764	-3299.465	621.7011	1.545691	1.299383	0.706804	0.293196	3.659619
1818	-2660.974	-3280.922	619.9481	1.527111	1.418011	0.719589	0.280411	4.614306
1824	-2654.841	-3272.819	617.9773	1.562502	2.086047	0.699764	0.300236	5.445672
1830	-2646.037	-3267.035	620.9979	1.635258	1.159291	0.61141	0.38859	4.080904
1836	-2647.795	-3269.94	622.1446	1.738756	1.064161	0.64306	0.35694	3.409894
1842	-2646.113	-3267.798	621.6846	1.772524	1.491798	0.759396	0.240604	3.450235
1848	-2655.344	-3276.501	621.157	1.723355	1.22563	0.523675	0.476325	3.906413
1854	-2662.107	-3283.58	621.4728	1.700246	1.434222	0.72328	0.27672	3.640721
1860	-2673.691	-3294.448	620.7566	1.561501	1.263191	0.750295	0.249705	4.208878
1866	-2681.868	-3303.628	621.7601	1.747638	1.40653	0.616119	0.383881	3.458268
1872	-2668.928	-3291.771	622.8436	1.84186	1.122142	0.718925	0.281075	2.900895
1878	-2645.82	-3268.677	622.8572	1.848522	1.116263	0.689876	0.310124	2.891933
1884	-2675.56	-3296.361	620.8016	1.70325	1.472713	0.693115	0.306885	4.008468
1890	-2670.794	-3291.524	620.7299	1.515885	1.472713	0.630275	0.369725	4.156055
1896	-2668.068	-3288.78	620.7123	1.562476	1.812792	0.630275	0.369725	4.006607
1902	-2688.065	-3307.153	619.0877	1.467536	1.816895	0.771468	0.228532	4.973167
1908	-2684.049	-3303.842	619.7925	1.472472	1.539484	0.731457	0.268543	4.681542
1914	-2667.605	-3287.726	620.1208	1.600636	1.645687	0.699514	0.300486	4.383189
1920	-2694.488	-3315.068	620.5799	1.526623	1.680719	0.736469	0.263531	4.151604
1926	-2665.762	-3287.455	621.6926	1.745424	1.399296	0.654378	0.345622	3.502241
1932	-2668.151	-3288.942	620.7916	1.606552	1.375746	0.768231	0.231769	4.111555
1938	-2651.347	-3271.667	620.3199	1.576388	1.394582	0.728849	0.271151	4.387622
1944	-2665.952	-3285.938	619.9862	1.675203	1.723291	0.728849	0.271151	4.387622
1950	-2689.426	-3309.24	619.8142	1.752939	1.497344	0.628774	0.371226	4.529266
1956	-2695.936	-3316.681	620.7453	1.315875	1.393175	0.63261	0.36739	4.295086
1962	-2670.7	-3290.793	620.0931	1.576297	1.474808	0.694565	0.305435	4.481119
1968	-2675.455	-3295.238	619.7827	1.576297	1.814409	0.719565	0.280435	4.524818
1974	-2674.152	-3295.626	621.4739	1.56383	1.183106	0.707656	0.292344	3.837264
1980	-2667.62	-3289.389	621.7695	1.772508	1.201589	0.754212	0.245788	3.536144
1986	-2649.873	-3271.033	621.1598	1.790522	1.36555	0.679969	0.320031	3.800118
1992	-2657.586	-3278.354	620.7682	1.428455	1.30565	0.715831	0.284169	4.257837
1998	-2678.364	-3299.173	620.8093	1.459173	1.360144	0.746201	0.253799	4.192235
2004	-2655.789	-3277.055	621.2661	1.818145	1.455532	0.708859	0.291141	3.682785
2010	-2655.37	-3276.442	621.0716	1.69459	1.554927	0.708859	0.291141	3.824269
2016	-2662.697	-3284.613	621.9156	1.806441	1.121018	0.645092	0.354908	3.473164
2022	-2667.185	-3288.845	621.6603	1.806441	1.638205	0.587338	0.412662	3.38364
2028	-2666.239	-3287.276	621.037	1.756978	1.638205	0.691683	0.308317	3.774717
2034	-2653.664	-3276.72	623.0564	1.527716	1.290378	0.649467	0.350533	2.873825
2040	-2655.348	-3276.526	621.1772	1.511819	1.484617	0.718135	0.281865	3.897938
2046	-2666.035	-3285.743	619.708	1.473428	1.345658	0.665152	0.334848	4.810305
2052	-2660.625	-3282.86	622.2347	1.68739	1.161981	0.696721	0.303279	3.334192
2058	-2679.237	-3302.006	622.7685	1.739615	1.161981	0.559459	0.440541	2.986053
2064	-2673.875	-3294.545	620.6697	1.604982	1.28151	0.766014	0.233986	4.224871
2070	-2669.471	-3291.764	622.2929	1.638058	1.28151	0.639889	0.360111	3.268412
2076	-2664.189	-3283.313	619.1236	1.494876	1.667423	0.639889	0.360111	4.992306
2082	-2670.291	-3291.926	621.6343	1.905151	1.623161	0.645462	0.354538	3.347046
2088	-2677.81	-3298.813	621.0035	1.884858	1.299121	0.782388	0.217612	3.866425
2094	-2675.913	-3295.127	619.2144	1.464977	1.114713	0.706573	0.293427	5.19912
2100	-2676.251	-3295.534	619.2834	1.456179	1.162776	0.587325	0.412675	5.14166
2106	-2677.177	-3299.509	622.3326	1.490862	1.064486	0.588468	0.411532	3.444788
2112	-2682.614	-3303.793	621.1794	1.534698	1.495032	0.638305	0.361695	3.879185
2118	-2682.489	-3304.876	622.3871	1.764852	1.625219	0.714398	0.285602	2.982415
2124	-2686.65	-3307.143	620.4931	1.56127	1.37383	0.645834	0.354166	4.307459
2130	-2673.603	-3293.84	620.2375	1.628691	1.778735	0.704872	0.295128	4.25142
2136	-2653.512	-3273.84	620.328	1.609191	1.443477	0.665991	0.334009	4.343387
2142	-2657.035	-3277.877	620.8421	1.507375	1.014055	0.724213	0.275787	4.319409
2148	-2677.13	-3298.668	621.5377	1.532475	0.975391	0.59513	0.40487	3.93142
2154	-2663.065	-3285.947	622.8821	1.939445	1.79023	0.75366	0.24634	2.505738
2160	-2657.255	-3279.777	622.5221	1.795522	1.288836	0.730893	0.269107	3.03496
2166	-2675.302	-3297.379	622.0771	1.75238	1.298051	0.730893	0.269107	3.320147
2172	-2665.612	-3286.808	621.1955	1.591693	1.438244	0.730735	0.269265	3.861578
2178	-2682.378	-3302.877	620.4999	1.749535	1.680979	0.733732	0.266268	4.070183
2184	-2672.49	-3293.498	621.008	1.574339	1.675389	0.633395	0.366605	3.881893
2190	-2654.59	-3274.076	619.4862	1.553	1.941905	0.705467	0.294533	4.660169
2196	-2663.925	-3284.291	620.3655	1.632441	1.903858	0.52578	0.47422	4.132159
2202	-2674.973	-3295.993	621.0205	1.911406	2.365164	0.620077	0.379923	3.445389
2208	-2649.615	-3271.46	621.8452	1.73039	1.348135	0.718855	0.281145	3.445389
2214	-2647.359	-3267.963	620.6045	1.52075	1.253651	0.72963	0.27037	4.322648
2220	-2647.088	-3266.836	619.7478	1.513402	1.253651	0.568296	0.431704	4.807887
2226	-2652.551	-3271.719	619.1681	1.625509	1.851227	0.568506	0.431494	4.8284
2232	-2657.789	-3277.057	619.2682	1.525466	1.851227	0.568506	0.431494	4.8284
2238	-2655.478	-3276.263	620.7849	1.609707	1.233027	0.568708	0.431292	4.179933
2244	-2662.418	-3281.784	619.3653	1.518305	1.12612	0.580754	0.419246	5.08016
2250	-2656.261	-3276.351	620.0894	1.510406	1.280084	0.747987	0.252013	4.606093
2256	-2660.031	-3280.235	620.2031	1.59013	1.346846	0.662112	0.337888	4.466871
2262	-2661.479	-3282.599	621.1201	1.533445	1.277619	0.641635	0.358365	4.011105
2268	-2660.605	-3281.876	621.2712	1.698174	1.488089	0.704089	0.295911	3.73517
2274	-2675.416	-3296.231	620.815	1.608009	1.488089	0.652239	0.347761	4.048643
2280	-2666.379	-3287.807	621.4281	1.774032	1.478003	0.749271	0.250729	3.604772
2286	-2654.61	-3277.064	622.4538	1.747812	1.452221	0.669213	0.330787	3.027374
2292	-2674.421	-3296.698	622.2772	2.03179	2.049822	0.754551	0.245449	2.725289
2298	-2675.024	-3296.957	621.9333	1.872745	1.270166	0.674516	0.325484	3.347521
2304	-2677.919	-3299.96	622.0409	1.832694	1.711275	0.674516	0.325484	3.11412
2310	-2680.753	-3299.967	619.214	1.288899	1.768437	0.612749	0.387251	5.01942
2316	-2690.339	-3309.052	618.7134	1.149172	1.055872	0.800052	0.199948	5.679365
2322	-2655.765	-3274.789	619.0245	1.561832	1.755036	0.627485	0.372515	4.977893
2328	-2640.168	-3261.747	621.5787	1.822421	1.463527	0.707393	0.292607	3.495239
2334	-2642.423	-3263.027	620.6048	1.640474	1.430454	0.717677	0.282323	4.17441
2340	-2659.318	-3279.795	620.4776	1.640076	1.605845	0.697303	0.302697	4.17441
2346	-2662.006	-3282.104	620.0982	1.713015	1.635626	0.582829	0.417171	4.336359
2352	-2657.81	-3279.756	621.9466	1.785689	1.26771	0.658539	0.341461	3.392038
2358	-2670.783	-3291.596	620.8125	1.580908	1.231925	0.615755	0.384245	4.181163
2364	-2656.496	-3275.261	618.7652	1.512486	1.283242	0.686138	0.313862	5.339739
2370	-2648.955	-3268.1	619.1447	1.593128	1.238944	0.686138	0.313862	5.105843
2376	-2644.59	-3264.407	619.8163	1.65822	1.6511	0.668379	0.331621	4.520136
2382	-2639.646	-3259.867	620.2205	1.529825	1.093371	0.681959	0.318041	4.613806
2388	-2654.246	-3275.158	620.9119	1.624307	1.376113	0.669393	0.330607	4.032677
2394	-2665.469	-3286.882	621.4124	1.561441	1.199945	0.691929	0.308071	3.865495
2400	-2655.013	-3275.352	620.3385	1.571279	1.470477	0.677078	0.322922	4.347378
2406	-2680.457	-3300.004	619.5469	1.416654	1.434025	0.684697	0.315303	4.893361
2412	-2684.067	-3303.969	619.9021	1.560237	1.473439	0.801929	0.198071	4.598063
2418	-2690.136	-3310.226	620.0903	1.561292	1.394771	0.645997	0.354003	4.52537
2424	-2678.711	-3299.344	620.6332	1.659953	1.183996	0.637723	0.362277	4.261605
2430	-2667.421	-3287.425	620.0039	1.562261	1.537326	0.634559	0.365441	4.513459
2436	-2674.641	-3294.098	619.4571	1.551856	1.480647	0.674398	0.325602	4.848565
2442	-2682.301	-3301.341	619.0405	1.321276	1.532768	0.670402	0.329598	5.186831
2448	-2677.659	-3299.046	621.3869	1.667445	1.671834	0.670402	0.329598	3.610914
2454	-2661.088	-3280.936	619.8474	1.645893	2.019698	0.6801	0.3199	4.378965
2460	-2657.583	-3278.068	620.485	1.615974	1.075316	0.743666	0.256334	4.426225
2466	-2637.325	-3257.236	619.9104	1.62797	1.807709	0.664794	0.335206	4.426225
2472	-2660.678	-3280.45	619.7723	1.414436	1.694467	0.747133	0.252867	4.665245
2478	-2656.472	-3274.596	618.124	1.444126	1.336827	0.748217	0.251783	5.70584
2484	-2648.5	-3266.229	617.7288	1.292349	1.537373	0.733723	0.266277	5.921716
2490	-2651.851	-3271.504	619.653	1.576333	1.456374	0.700444	0.299556	4.735672
2496	-2656.127	-3276.418	620.2906	1.404083	1.100777	0.722189	0.277811	4.641116
2502	-2632.415	-3250.741	618.3257	1.481538	1.627533	0.718299	0.281701	5.455953
2508	-2648.985	-3268.368	619.3829	1.571785	1.814567	0.71478	0.28522	4.751361
2514	-2653.765	-3274.209	620.4437	1.554643	1.781544	0.71478	0.28522	4.175439
2520	-2660.253	-3280.912	620.6589	1.571694	1.568937	0.671768	0.328232	4.124937
2526	-2669.583	-3290.701	621.1175	1.693289	1.369751	0.671768	0.328232	3.878393
2532	-2652.754	-3272.952	620.198	1.694469	1.773467	0.706044	0.293956	4.238491
2538	-2656.853	-3277.722	620.8686	1.83678	1.904133	0.706044	0.293956	3.726719
2544	-2669.822	-3290.636	620.8132	1.649416	1.369465	0.706044	0.293956	4.077619
2550	-2672.277	-3293.391	621.1134	1.684724	1.306009	0.77773	0.22227	3.915013
2556	-2669.086	-3288.502	619.4158	1.66516	1.485187	0.770527	0.229473	4.806559
2562	-2672.149	-3292.336	620.1869	1.604869	1.943386	0.637004	0.362996	4.23565
2568	-2662.301	-3283.619	621.3172	1.529228	1.308281	0.650294	0.349706	3.886246
2574	-2675.459	-3295.826	620.3673	1.369227	1.412953	0.54534	0.45466	4.469676
2580	-2691.048	-3312.094	621.0457	1.647616	1.310359	0.578371	0.421629	3.972958
2586	-2700.799	-3321.381	620.5816	1.466587	0.972099	0.555631	0.444369	4.513059
2592	-2668.087	-3290.659	622.5717	1.775669	1.243818	0.633506	0.366494	3.039716
2598	-2668.927	-3290.454	621.5273	1.449785	1.109216	0.656485	0.343515	3.910345
2604	-2680.299	-3300.534	620.2356	1.433452	1.995235	0.734459	0.265541	4.287759
2610	-2661.111	-3283.313	622.2018	1.574522	1.09522	0.64809	0.35191	3.455396
2616	-2660.377	-3282.215	621.8377	1.619648	1.52329	0.610948	0.389052	3.436666
2622	-2666.084	-3286.949	620.8648	1.663674	1.52329	0.631198	0.368802	3.973704
2628	-2660.92	-3281.836	620.916	1.655989	1.464131	0.631198	0.368802	3.973704
2634	-2646.259	-3270.284	624.0257	1.682426	1.253935	0.724659	0.275341	2.191443
2640	-2676.22	-3299.62	623.3999	1.588577	1.0967	0.527603	0.472397	2.731001
2646	-2688.008	-3310.519	622.5115	1.579102	1.664133	0.654073	0.345927	3.003287
2652	-2662.318	-3284.613	622.2949	1.795257	1.400125	0.72338	0.27662	3.11767
2658	-2663.612	-3284.192	620.5793	1.691486	1.692585	0.72338	0.27662	4.053549
2664	-2650.366	-3272.227	621.8617	1.782669	1.477893	0.575679	0.424321	3.346524
2670	-2655.87	-3278.178	622.3088	1.747407	1.315435	0.74197	0.25803	3.177791
2676	-2677.925	-3300.634	622.7093	1.901502	1.315435	0.764442	0.235558	2.845226
2682	-2684.096	-3305.956	621.8605	1.819877	1.329051	0.652201	0.347799	3.39295
2688	-2659.743	-3282.049	622.3055	1.608561	1.122016	0.633514	0.366486	3.360158
2694	-2650.845	-3270.614	619.7684	1.537414	1.317833	0.749026	0.250974	4.753358
2700	-2655.664	-3275.216	619.5517	1.503058	1.662978	0.737654	0.262346	4.750909
2706	-2658.018	-3277.865	619.8475	1.514251	1.255364	0.612917	0.387083	4.750909
2712	-2657.16	-3276.681	619.5204	1.543499	1.51662	0.673374	0.326626	4.803201
2718	-2658.442	-3277.713	619.2702	1.554338	1.834372	0.619825	0.380175	4.817012
2724	-2654.834	-3273.758	618.9243	1.520842	2.213665	0.678911	0.321089	4.905399
2730	-2638.737	-3259.741	621.0044	1.624668	1.527512	0.67035	0.32965	3.91434
2736	-2640	-3260.49	620.4902	1.666097	1.743591	0.63132	0.36868	4.09961
2742	-2666.551	-3287.107	620.5563	1.68962	1.323115	0.625546	0.374454	4.221871
2748	-2638.405	-3259.121	620.7161	1.608656	1.228341	0.620714	0.379286	4.221871
2754	-2643.264	-3263.621	620.3575	1.566142	1.228341	0.671335	0.328665	4.44857
2760	-2643.792	-3264.24	620.4474	1.647949	1.235071	0.734094	0.265906	4.348445
2766	-2649.761	-3270.438	620.6769	1.721156	1.388904	0.536491	0.463509	4.105768
2772	-2658.885	-3280.838	621.9537	1.74428	1.388904	0.588518	0.411482	3.35477
2778	-2658.807	-3279.835	621.0273	1.763441	1.381675	0.718748	0.281252	3.884553
2784	-2667.002	-3287.652	620.6506	1.683519	1.720132	0.618332	0.381668	4.006974
2790	-2667.863	-3288.461	620.5977	1.53436	1.299795	0.668006	0.331994	4.297145
2796	-2665.504	-3285.178	619.6738	1.729322	1.788465	0.668006	0.331994	4.509303
2802	-2669.229	-3289.415	620.1863	1.651428	2.076056	0.847563	0.152437	4.165552
2808	-2656.895	-3277.672	620.7774	1.633177	1.244048	0.726478	0.273522	4.165552
2814	-2652.089	-3272.849	620.7601	1.633177	1.596739	0.71787	0.28213	4.021036
2820	-2671.81	-3292.462	620.6518	1.54035	1.188252	0.771961	0.228039	4.316644
2826	-2663.774	-3284.211	620.4368	1.583475	1.396707	0.679795	0.320205	4.316644
2832	-2656.069	-3275.731	619.6619	1.52063	1.341258	0.704193	0.295807	4.811624
2838	-2656.917	-3277.79	620.8728	1.733452	1.732877	0.741642	0.258358	3.846226
2844	-2657.989	-3279.308	621.3189	1.859279	1.511392	0.695536	0.304464	3.604421
2850	-2660.379	-3280.984	620.6047	1.607274	1.416666	0.602754	0.397246	4.199305
2856	-2660.638	-3282.705	622.0673	1.597499	1.5203	0.602754	0.397246	3.316186
2862	-2652.02	-3272.453	620.4332	1.64435	1.686126	0.674687	0.325313	4.166007
2868	-2662.76	-3284.401	621.6413	1.679133	1.195959	0.760739	0.239261	3.667667
2874	-2645.263	-3266.743	621.4806	1.740278	1.53657	0.678023	0.321977	3.568966
2880	-2646.378	-3267.554	621.1767	1.781579	1.442083	0.664468	0.335532	3.761411
2886	-2630.22	-3249.921	619.7019	1.606916	1.605031	0.762594	0.237406	4.631008
2892	-2637.994	-3257.78	619.7862	1.531923	1.565425	0.640536	0.359464	4.641375
2898	-2639.606	-3260.04	620.4337	1.370579	1.558605	0.706764	0.293236	4.370719
2904	-2662.575	-3281.818	619.2436	1.554016	1.587623	0.728378	0.271622	4.923274
2910	-2691.851	-3312.268	620.4174	1.779077	1.391399	0.684578	0.315422	4.219193
2916	-2683.605	-3305.483	621.8772	1.667281	1.423903	0.634997	0.365003	3.428964
2922	-2669.282	-3290.805	621.5235	1.845316	1.36431	0.467812	0.532188	3.55846
2928	-2665.016	-3287.88	622.8646	1.854317	1.232695	0.742492	0.257508	2.821396
2934	-2674.733	-3295.656	620.9231	1.758748	1.313014	0.735108	0.264892	3.978296
2940	-2682.335	-3305.478	623.1425	1.739409	1.651826	0.795549	0.204451	2.525112
2946	-2662.656	-3283.926	621.2698	1.741804	1.608136	0.761491	0.238509	3.661009
2952	-2672.758	-3292.782	620.0234	1.669888	2.084935	0.701375	0.298625	4.244655
2958	-2672.827	-3293.96	621.1335	1.6668	1.696666	0.730433	0.269567	3.748267
2964	-2653.009	-3273.901	620.8922	1.632781	1.374499	0.635124	0.364876	4.039852
2970	-2672.947	-3294.724	621.777	1.574195	1.237508	0.588596	0.411404	3.629065
2976	-2672.027	-3293.428	621.4017	1.672879	1.262803	0.757951	0.242049	3.77664
2982	-2673.38	-3295.594	622.2139	1.700318	1.262803	0.675842	0.324158	3.287482
2988	-2676.697	-3298.503	621.8062	1.700318	1.209508	0.675842	0.324158	3.552831
2994	-2670.495	-3292.519	622.0237	1.77917	1.601113	0.675842	0.324158	3.200602
3000	-2682.678	-3304.504	621.8262	1.857315	1.360152	0.75243	0.24757	3.376519
3006	-2671.777	-3293.777	622.0003	1.725008	2.035226	0.647501	0.352499	3.083049
3012	-2628.774	-3250.007	621.233	2.068728	2.185889	0.618952	0.381048	3.284046
3018	-2635.355	-3255.346	619.9907	1.800647	1.818192	0.669591	0.330409	4.279556
3024	-2663.143	-3283.521	620.378	1.682516	1.355013	0.653553	0.346447	4.312416
3030	-2661.191	-3281.52	620.3294	1.680905	1.4194	0.545283	0.454717	4.312416
3036	-2668.328	-3290.382	622.0539	1.710927	1.080083	0.69235	0.30765	3.470397
3042	-2658.117	-3276.557	618.4393	1.498593	1.417301	0.673713	0.326287	5.468142
3048	-2652.393	-3270.892	618.4989	1.438998	1.417301	0.627127	0.372873	5.468142
3054	-2659.701	-3281.542	621.8408	1.612572	1.444783	0.795605	0.204395	3.472969
3060	-2660.803	-3281.881	621.0781	1.710077	1.282677	0.678237	0.321763	3.931683
3066	-2667.736	-3288.535	620.7988	1.773186	1.448627	0.59644	0.40356	3.98038
3072	-2651.094	-3270.934	619.8399	1.483421	1.560746	0.641674	0.358326	4.640344
3078	-2641.604	-3262.202	620.5982	1.664344	1.6868	0.806527	0.193473	4.060447
3084	-2644.046	-3265.144	621.0983	1.779048	1.329553	0.806527	0.193473	3.858558
3090	-2643.975	-3264.781	620.8062	1.595898	1.267802	0.756457	0.243543	4.159015
3096	-2663.857	-3285.03	621.1736	1.60451	1.224924	0.708718	0.291282	3.965289
3102	-2660.336	-3280.465	620.1295	1.60451	1.594302	0.641038	0.358962	4.396143
3108	-2659.657	-3281.218	621.5605	1.729885	1.219638	0.57449	0.42551	3.673161
3114	-2661.451	-3283.4	621.9481	1.667359	1.415208	0.713501	0.286499	3.391312
3120	-2659.789	-3280.812	621.0223	1.700552	1.708637	0.733509	0.266491	3.788321
3126	-2662.998	-3284.071	621.0723	1.746915	1.652431	0.763208	0.236792	3.754553
3132	-2675.737	-3297.847	622.1095	1.88226	1.462667	0.595056	0.404944	3.147926
3138	-2670.637	-3293.617	622.9806	1.877896	1.159371	0.713174	0.286826	2.775462
3144	-2678.146	-3300.911	622.7653	2.072953	1.299016	0.713174	0.286826	2.714743
3150	-2663.169	-3286.043	622.8747	1.884612	1.398595	0.647657	0.352343	2.714447
3156	-2655.159	-3277.267	622.1075	1.824338	1.135165	0.718926	0.281074	3.342635
3162	-2658.817	-3279.899	621.0817	1.77688	1.409101	0.682343	0.317657	3.833329
3168	-2656.554	-3277.916	621.3617	1.707301	1.241757	0.776956	0.223044	3.790094
3174	-2652.089	-3273.615	621.5259	1.70699	1.059818	0.65739	0.34261	3.790094
3180	-2667.185	-3288.242	621.057	1.70699	1.643009	0.692802	0.307198	3.790094
3186	-2657.634	-3278.262	620.6278	1.64261	1.424244	0.639758	0.360242	4.162829
3192	-2658.869	-3280.005	621.1355	1.722694	1.723412	0.702608	0.297392	3.704599
3198	-2633.968	-3254.874	620.9058	1.733996	1.435858	0.702608	0.297392	3.947091
3204	-2661.943	-3283.309	621.3659	1.694922	1.262961	0.756886	0.243114	3.78451
3210	-2675.816	-3293.879	618.0625	1.370523	1.560978	0.751366	0.248634	5.68711
3216	-2664.91	-3284.853	619.9433	1.325262	1.566533	0.648813	0.351187	4.668724
3222	-2667.681	-3290.002	622.3215	1.612072	0.9954936	0.550463	0.449537	3.419836
3228	-2655.585	-3275.063	619.4786	1.513335	1.652901	0.698184	0.301816	4.789802
3234	-2670.95	-3292.335	621.3855	1.725102	1.486653	0.675039	0.324961	3.654142
3240	-2652.844	-3275.852	623.0079	1.892866	1.22813	0.675039	0.324961	2.712801
3246	-2650.624	-3273.647	623.0233	1.779138	1.425691	0.629488	0.370512	2.675186
3252	-2665.714	-3287.945	622.2304	1.71106	1.462093	0.62116	0.37884	3.178039
3258	-2678.239	-3300.258	622.0194	1.647963	1.735704	0.755627	0.244373	3.22695
3264	-2672.272	-3293.741	621.4691	1.483711	1.451182	0.775714	0.224286	3.760596
3270	-2646.851	-3267.667	620.816	1.529047	1.2352	0.544328	0.455672	4.207008
3276	-2653.539	-3274.675	621.136	1.64655	2.052337	0.735484	0.264516	3.631286
3282	-2644.318	-3263.266	618.9478	1.54073	1.334802	0.770946	0.229054	5.200048
3288	-2637.491	-3256.398	618.9065	1.536609	1.392309	0.638312	0.361688	5.200048
3294	-2664.708	-3283.608	618.9	1.441118	1.528309	0.740691	0.259309	5.200048
3300	-2677.311	-3296.29	618.9788	1.433257	1.432647	0.582049	0.417951	5.200048
3306	-2664.141	-3283.29	619.1499	1.523542	1.540425	0.642784	0.357216	5.010958
3312	-2661.886	-3281.761	619.8744	1.485449	1.30887	0.696658	0.303342	4.727226
3318	-2656.405	-3276.4	619.9947	1.464576	1.193001	0.681249	0.318751	4.726348
3324	-2653.411	-3273.331	619.9201	1.465298	1.279681	0.737622	0.262378	4.726348
3330	-2654.843	-3276.426	621.5832	1.681295	1.117853	0.731322	0.268678	3.740451
3336	-2647.944	-3268.54	620.5961	1.668815	1.393816	0.739999	0.260001	4.179278
3342	-2656.009	-3277.185	621.1764	1.658152	1.130878	0.740446	0.259554	3.9806
3348	-2646.298	-3268.291	621.9928	1.714589	1.357229	0.684069	0.315931	3.363886
3354	-2651.488	-3272.626	621.1386	1.652512	1.357229	0.768688	0.231312	3.895365
3360	-2655.494	-3276.894	621.4007	1.828882	1.488703	0.718133	0.281867	3.584206
3366	-2649.037	-3269.427	620.3902	1.576865	1.566983	0.700192	0.299808	4.27527
3372	-2656.813	-3277.395	620.5817	1.642702	1.566983	0.715884	0.284116	4.12927
3378	-2660.327	-3281.656	621.3281	1.718366	1.583766	0.759627	0.240373	3.650677
3384	-2672.414	-3292.527	620.1129	1.451495	1.705909	0.537557	0.462443	4.448823
3390	-2662.625	-3282.734	620.1089	1.565108	1.315112	0.670114	0.329886	4.54831
3396	-2658.988	-3280.247	621.258	1.61856	1.791354	0.721563	0.278437	3.668436
3402	-2667.688	-3286.918	619.2301	1.358589	1.737796	0.660138	0.339862	4.982845
3408	-2661.551	-3281.015	619.4638	1.536813	1.522409	0.628042	0.371958	4.836135
3414	-2677.119	-3297.655	620.5358	1.515194	2.130703	0.723478	0.276522	4.026565
3420	-2643.215	-3264.211	620.9964	1.615941	1.239159	0.705637	0.294363	4.053043
3426	-2653.51	-3273.274	619.764	1.461287	1.464758	0.705637	0.294363	4.734422
3432	-2662.404	-3282.885	620.4805	1.678814	1.717803	0.669833	0.330167	4.10753
3438	-2664.076	-3284.653	620.5774	1.692486	1.60988	0.671114	0.328886	4.086186
3444	-2659.499	-3279.337	619.8386	1.775618	2.042543	0.715872	0.284128	4.303172
3450	-2668.765	-3289.692	620.9265	1.479381	1.451769	0.74368	0.25632	4.07385
3456	-2658.391	-3278.682	620.2916	1.636329	1.61625	0.755229	0.244771	4.277892
3462	-2675.476	-3295.739	620.2634	1.609429	1.659114	0.716578	0.283422	4.292417
3468	-2639.716	-3259.92	620.2038	1.606505	1.80536	0.719806	0.280194	4.273458
3474	-2664.352	-3284.434	620.0816	1.703678	1.924525	0.847333	0.152667	4.245779
3480	-2650.728	-3271.034	620.306	1.669425	1.388323	0.759447	0.240553	4.34566
3486	-2660.225	-3281.02	620.7951	1.629651	1.510005	0.63892	0.36108	4.038454
3492	-2648.014	-3268.603	620.5887	1.627471	1.425022	0.646887	0.353113	4.1933
3498	-2660.057	-3280.721	620.6636	1.570294	1.548852	0.647428	0.352572	4.131174
3504	-2683.031	-3302.392	619.3614	1.558929	2.294378	0.734925	0.265075	4.615827
3510	-2661.84	-3281.34	619.4993	1.681141	1.84044	0.679765	0.320235	4.615827
3516	-2675.664	-3296.516	620.8528	1.648157	1.84044	0.679765	0.320235	3.86709
3522	-2667.621	-3288.422	620.8008	1.546015	1.499399	0.836371	0.163629	4.087324
3528	-2670.388	-3290.952	620.5636	1.544281	1.499399	0.741269	0.258731	4.223151
3534	-2661.366	-3282.863	621.4967	1.737958	1.624864	0.718411	0.281589	3.52469
3540	-2672.988	-3293.094	620.1058	1.518199	1.331473	0.756389	0.243611	4.568955
3546	-2672.066	-3292.276	620.2096	1.648668	1.433588	0.754068	0.245932	4.392161
3552	-2680.788	-3302.79	622.0022	1.933194	1.22899	0.678064	0.321936	3.291836
3558	-2674.859	-3296.208	621.3493	1.680358	1.318923	0.596704	0.403296	3.775891
3564	-2659.248	-3279.976	620.7286	1.774475	1.41173	0.648939	0.351061	4.035802
3570	-2648.239	-3269.836	621.5976	1.746991	1.477217	0.66187	0.33813	3.522244
3576	-2657.092	-3277.012	619.9192	1.558611	1.383423	0.66584	0.33416	4.627852
3582	-2632.762	-3252.333	619.5718	1.639361	1.843754	0.716917	0.283083	4.597476
3588	-2651.951	-3272.37	620.4191	1.612188	1.480679	0.702346	0.297654	4.27438
3594	-2647.829	-3268.331	620.5022	1.529093	1.480679	0.783752	0.216248	4.27438
3600	-2661.869	-3281.796	619.9264	1.538853	1.188671	0.700607	0.299393	4.72512
3606	-2659.057	-3280.806	621.7492	1.727285	1.551813	0.696107	0.303893	3.41344
3612	-2666.035	-3287.816	621.7813	1.684651	1.473882	0.696107	0.303893	3.452831
3618	-2647.248	-3268.248	621.0002	1.580968	1.672669	0.72227	0.27773	3.88366
3624	-2673.661	-3295.349	621.6878	1.681203	1.437685	0.72415	0.27585	3.525286
3630	-2656.511	-3276.484	619.9737	1.600495	1.831122	0.683714	0.316286	4.397669
3636	-2666.553	-3286.825	620.2722	1.609383	1.390562	0.699596	0.300404	4.397669
3642	-2669.199	-3289.895	620.6961	1.540671	1.678047	0.678666	0.321334	4.078525
3648	-2663.626	-3285.025	621.3989	1.494763	1.207387	0.678666	0.321334	3.907817
3654	-2661.796	-3283.454	621.6581	1.783661	1.510448	0.722937	0.277063	3.451217
3660	-2667.987	-3289.719	621.7315	1.762393	1.510448	0.66552	0.33448	3.420716
3666	-2661.798	-3282.112	620.3144	1.71498	1.382846	0.64573	0.35427	4.317608
3672	-2653.185	-3273.29	620.1048	1.704897	1.877139	0.670312	0.329688	4.248352
3678	-2659.89	-3280.359	620.4697	1.678051	1.387944	0.794172	0.205828	4.248352
3684	-2668.083	-3288.084	620.0008	1.532182	1.273826	0.647506	0.352494	4.646464
3690	-2661.455	-3282.657	621.2025	1.5324	1.701972	0.734741	0.265259	3.78397
3696	-2670.146	-3290.64	620.4945	1.555407	1.476507	0.640424	0.359576	4.265615
3702	-2683.767	-3304.874	621.1073	1.696759	1.120134	0.643757	0.356243	4.003651
3708	-2677.864	-3300.014	622.1503	1.914291	1.440877	0.731173	0.268827	3.114306
3714	-2661.741	-3283.772	622.0314	1.691845	1.388732	0.619872	0.380128	3.340001
3720	-2660.984	-3282.214	621.2301	1.719205	1.627977	0.755235	0.244765	3.689121
3726	-2667.155	-3288.682	621.5264	1.706277	1.361575	0.692116	0.307884	3.638823
3732	-2666.596	-3288.022	621.4265	1.806104	1.361575	0.645856	0.354144	3.638823
3738	-2657.226	-3278.075	620.8487	1.660379	1.325088	0.633616	0.366384	4.071355
3744	-2667.033	-3289.219	622.1857	1.941014	1.144156	0.667203	0.332797	3.222872
3750	-2663.844	-3285.84	621.9963	1.865864	1.128239	0.73543	0.26457	3.387275
3756	-2682.947	-3301.685	618.7376	1.580363	1.722344	0.620357	0.379643	5.138684
3762	-2667.785	-3289.009	621.2235	1.876075	1.647822	0.68419	0.31581	3.594131
3768	-2664.561	-3286.054	621.4926	1.790034	1.396093	0.746676	0.253324	3.594131
3774	-2668.678	-3290.139	621.4605	1.811736	1.429108	0.71847	0.28153	3.585404
3780	-2665.781	-3286.524	620.7431	1.631516	1.434836	0.736933	0.263067	4.098981
3786	-2679.744	-3300.721	620.9771	1.466082	1.239502	0.618616	0.381384	4.14921
3792	-2659.971	-3280.855	620.8846	1.465188	1.39136	0.599365	0.400635	4.132105
3798	-2657.532	-3277.937	620.4044	1.708265	1.456668	0.687023	0.312977	4.238452
3804	-2660.266	-3280.61	620.3441	1.638971	1.637269	0.676271	0.323729	4.238452
3810	-2660.454	-3280.309	619.8549	1.656126	1.806542	0.814498	0.185502	4.442079
3816	-2653.381	-3272.909	619.5279	1.486887	1.431317	0.79692	0.20308	4.865977
3822	-2647.65	-3267.226	619.5762	1.476845	1.3818	0.762616	0.237384	4.865977
3828	-2648.623	-3269.179	620.5559	1.635862	2.023155	0.72449	0.27551	3.981126
3834	-2665.108	-3284.407	619.2993	1.568975	2.315617	0.712413	0.287587	4.638793
3840	-2651.131	-3270.081	618.9497	1.511459	1.592601	0.82107	0.17893	5.108199
3846	-2640.004	-3259.498	619.4938	1.575009	1.699542	0.727536	0.272464	4.729302
3852	-2657.187	-3276.706	619.5183	1.399641	1.54439	0.744586	0.255414	4.8734
3858	-2664.592	-3284.599	620.0063	1.701247	1.585307	0.689785	0.310215	4.41462
3864	-2678.376	-3298.619	620.2432	1.712238	1.454173	0.689785	0.310215	4.328498
3870	-2686.944	-3307.317	620.3737	1.623149	1.846819	0.590012	0.409988	4.152811
3876	-2681.885	-3302.986	621.1015	1.74674	1.354798	0.586418	0.413582	3.863688
3882	-2670.554	-3292.244	621.6907	1.643564	1.203168	0.719361	0.280639	3.656046
3888	-2653.498	-3273.427	619.9286	1.540641	1.366821	0.607743	0.392257	4.639946
3894	-2650.588	-3270.901	620.3138	1.614454	1.599458	0.607743	0.392257	4.284322
3900	-2650.658	-3270.482	619.8244	1.36589	1.56398	0.763201	0.236799	4.713547
3906	-2648.137	-3268.638	620.5012	1.616706	1.62227	0.709736	0.290264	4.167753
3912	-2658.545	-3278.496	619.9518	1.530613	1.528304	0.698666	0.301334	4.564179
3918	-2634.217	-3254.317	620.0999	1.509192	1.360768	0.698666	0.301334	4.564179
3924	-2661.625	-3280.734	619.1089	1.383927	1.329118	0.698666	0.301334	5.200206
3930	-2680.171	-3300.736	620.5655	1.586058	1.458118	0.706407	0.293593	4.215741
3936	-2665.876	-3286.319	620.4435	1.535632	1.058469	0.614653	0.385347	4.503901
3942	-2674.952	-3295.987	621.0358	1.777663	1.46589	0.680643	0.319357	3.834505
3948	-2676.965	-3298.923	621.9577	1.947404	1.581407	0.680643	0.319357	3.14816
3954	-2674.348	-3296.247	621.8992	1.83587	1.81084	0.697173	0.302827	3.158108
3960	-2672.267	-3292.989	620.7221	1.693464	1.309243	0.643484	0.356516	4.131903
3966	-2669.001	-3288.796	619.7944	1.551708	1.097632	0.689357	0.310643	4.83765
3972	-2664.117	-3283.968	619.8501	1.557662	1.337622	0.758329	0.241671	4.687391
3978	-2668.185	-3288.426	620.2409	1.627935	1.589466	0.686952	0.313048	4.321915
3984	-2660.049	-3280.83	620.781	1.662944	1.435069	0.636253	0.363747	4.059387
3990	-2664.299	-3285.521	621.2218	1.740135	1.578701	0.702702	0.297298	3.70165
3996	-2672.34	-3293.755	621.415	1.529635	1.489359	0.605332	0.394668	3.748894
4002	-2659.03	-3280.436	621.4069	1.649682	1.343608	0.662975	0.337025	3.748894
4008	-2647.184	-3267.931	620.7463	1.523635	1.398971	0.70378	0.29622	4.174169
4014	-2658.998	-3279.382	620.3844	1.583833	1.442496	0.749667	0.250333	4.326226
4020	-2660.185	-3280.766	620.5814	1.591578	1.549763	0.691431	0.308569	4.165466
4026	-2677.001	-3297.54	620.5397	1.730629	1.305066	0.750228	0.249772	4.216328
4032	-2665.073	-3285.7	620.6265	1.60328	1.355463	0.755396	0.244604	4.216328
4038	-2653.288	-3274.44	621.1527	1.614165	1.355463	0.635926	0.364074	3.910096
4044	-2675.979	-3296.925	620.9465	1.63325	1.607403	0.731052	0.268948	3.910096
4050	-2655.466	-3276.519	621.0532	1.652808	1.311539	0.731052	0.268948	3.965148
4056	-2653.293	-3274.137	620.8442	1.740705	1.257626	0.718092	0.281908	4.059827
4062	-2662.842	-3284.123	621.2811	1.629319	1.234485	0.692307	0.307693	3.884796
4068	-2674.176	-3295.463	621.2872	1.605673	1.37308	0.745209	0.254791	3.829717
4074	-2644.768	-3266.616	621.8481	1.575092	1.047216	0.695998	0.304002	3.687196
4080	-2649.291	-3270.205	620.9136	1.672927	1.316333	0.679398	0.320602	4.031234
4086	-2652.538	-3274.875	622.3372	1.812847	1.390522	0.679398	0.320602	3.086414
4092	-2663.734	-3286.153	622.4196	1.689373	1.144707	0.750468	0.249532	3.233107
4098	-2670.63	-3291.878	621.2474	1.824935	1.588944	0.757851	0.242149	3.633602
4104	-2673.39	-3294.001	620.6113	1.732719	1.540557	0.748059	0.251941	4.071881
4110	-2661.205	-3282.675	621.4703	1.732719	1.227475	0.54772	0.45228	3.719785
4116	-2654.851	-3275.313	620.462	1.740224	1.666322	0.677678	0.322322	4.102669
4122	-2649.559	-3270.023	620.4635	1.640373	1.858638	0.676499	0.323501	4.087726
4128	-2664.738	-3284.957	620.2187	1.682469	1.607423	0.704918	0.295082	4.296493
4134	-2672.004	-3292.38	620.3756	1.629912	1.507578	0.663155	0.336845	4.27774
4140	-2666.291	-3287.638	621.3474	1.533747	1.836904	0.700994	0.299006	3.649119
4146	-2672.411	-3292.328	619.9164	1.615204	1.764135	0.807447	0.192553	4.445816
4152	-2658.825	-3278.964	620.1386	1.573616	1.361542	0.806582	0.193418	4.505904
4158	-2649.697	-3269.325	619.6273	1.570314	1.259893	0.738945	0.261055	4.840402
4164	-2661.357	-3281.667	620.3093	1.694676	1.269227	0.706183	0.293817	4.383793
4170	-2662.181	-3281.357	619.1761	1.394499	2.028331	0.72221	0.27779	4.893382
4176	-2654.299	-3273.705	619.4059	1.533421	1.640545	0.72358	0.27642	4.823884
4182	-2649.795	-3270.738	620.9431	1.48698	1.640545	0.651598	0.348402	3.982692
4188	-2657.545	-3277.453	619.9079	1.542698	1.578421	0.671909	0.328091	4.56194
4194	-2657.844	-3277.938	620.094	1.682052	1.755298	0.514006	0.485994	4.311045
4200	-2644.08	-3263.744	619.6635	1.55516	1.561828	0.616298	0.383702	4.698523
4206	-2668.575	-3287.741	619.1658	1.532709	1.431475	0.697519	0.302481	5.041828
4212	-2671.029	-3291.714	620.6852	1.747517	1.89833	0.720156	0.279844	3.885696
4218	-2670.299	-3291.295	620.9959	1.832535	1.446034	0.725067	0.274933	3.834475
4224	-2669.143	-3290.911	621.7674	1.768933	1.447062	0.674635	0.325365	3.42346
4230	-2659.311	-3281.108	621.7971	1.835248	1.553945	0.674635	0.325365	3.320988
4236	-2671.989	-3294.884	622.895	1.915653	1.342056	0.674649	0.325351	2.710286
4242	-2674.892	-3297.323	622.4312	1.823665	1.54274	0.76934	0.23066	2.955464
4248	-2663.5	-3284.093	620.5933	1.695774	1.54274	0.639909	0.360091	4.102311
4254	-2658.896	-3280.459	621.5631	1.701175	1.324709	0.714713	0.285287	3.637563
4260	-2656.628	-3277.949	621.3213	1.615772	1.455943	0.69761	0.30239	3.767646
4266	-2650.232	-3270.171	619.9396	1.642178	1.455943	0.756906	0.243094	4.538341
4272	-2654.274	-3275.629	621.3547	1.674807	1.503743	0.722411	0.277589	3.693781
4278	-2650.657	-3272.083	621.4252	1.67332	1.652189	0.642914	0.357086	3.593008
4284	-2655.335	-3276.827	621.4912	1.775918	1.205511	0.65474	0.34526	3.693679
4290	-2675.417	-3296.689	621.2714	1.702726	1.232304	0.608976	0.391024	3.849287
4296	-2668.943	-3290.233	621.2903	1.683808	1.232304	0.533854	0.466146	3.849287
4302	-2665.395	-3286.044	620.6484	1.77759	1.306942	0.580464	0.419536	4.12702
4308	-2636.049	-3257.001	620.9514	1.658276	1.377384	0.712094	0.287906	3.990149
4314	-2652.431	-3273.12	620.6897	1.698693	1.276672	0.581248	0.418752	4.162594
4320	-2640.082	-3261.043	620.9616	1.51275	1.158593	0.787192	0.212808	4.171583
4326	-2629.332	-3250.537	621.2052	1.671491	1.53649	0.661561	0.338439	3.768293
4332	-2660.553	-3282.924	622.3711	1.861919	1.59343	0.734445	0.265555	2.946953
4338	-2663.094	-3285.768	622.6736	1.885646	1.177547	0.632617	0.367383	2.946953
4344	-2660.606	-3282.159	621.5528	1.863827	1.529388	0.733208	0.266792	3.457869
4350	-2654.097	-3274.496	620.3992	1.619656	1.660048	0.74005	0.25995	4.20935
4356	-2656.852	-3277.862	621.01	1.579927	1.639473	0.566652	0.433348	3.891579
4362	-2656.353	-3276.258	619.9045	1.476715	2.317126	0.643767	0.356233	4.34973
4368	-2649.919	-3269.171	619.2515	1.657638	1.818547	0.72198	0.27802	4.77539
4374	-2656.321	-3275.712	619.3917	1.661966	1.267741	0.775862	0.224138	4.916987
4380	-2657.472	-3277.649	620.1773	1.749473	1.267741	0.695814	0.304186	4.428053
4386	-2643.763	-3265.341	621.578	1.828572	1.635916	0.756448	0.243552	3.419836
4392	-2656.843	-3278.737	621.8947	2.010382	1.677685	0.7602	0.2398	3.108683
4398	-2676.227	-3296.9	620.6732	1.598291	1.523732	0.653449	0.346551	4.120126
4404	-2664.065	-3285.005	620.9401	1.689304	1.49141	0.661936	0.338064	3.929264
4410	-2671.466	-3292.63	621.1643	1.526453	1.47272	0.766375	0.233625	3.902061
4416	-2677.977	-3297.163	619.1854	1.388697	1.49576	0.770643	0.229357	5.084148
4422	-2674.365	-3293.862	619.4969	1.567121	1.225524	0.698318	0.301682	4.931072
4428	-2651.704	-3272.795	621.091	1.70357	1.487622	0.698318	0.301682	3.836075
4434	-2655.08	-3275.776	620.6962	1.532617	1.586655	0.745472	0.254528	4.118853
4440	-2657.121	-3278.6	621.4796	1.877779	1.875572	0.684542	0.315458	3.357299
4446	-2661.625	-3282.361	620.7361	1.768884	1.45578	0.568289	0.431711	4.01558
4452	-2654.424	-3276	621.5766	1.768884	1.357498	0.770311	0.229689	3.575172
4458	-2654.398	-3275.034	620.6367	1.649402	1.165287	0.685111	0.314889	4.275004
4464	-2647.274	-3267.63	620.3564	1.682835	1.468575	0.626494	0.373506	4.275004
4470	-2658.578	-3279.645	621.0669	1.814611	1.63649	0.626494	0.373506	3.724909
4476	-2642.171	-3263.733	621.562	1.765554	1.569057	0.626494	0.373506	3.493288
4482	-2647.802	-3270.704	622.9021	2.095611	1.282397	0.79275	0.20725	2.625065
4488	-2656.192	-3279.027	622.8349	1.834265	1.357517	0.719267	0.280733	2.789207
4494	-2649.165	-3271.244	622.0795	1.767255	1.190079	0.726017	0.273983	3.363856
4500	-2663.796	-3284.555	620.7586	1.497227	1.481052	0.603175	0.396825	4.146822
4506	-2666.459	-3286.958	620.4997	1.699079	1.572929	0.712864	0.287136	4.141416
4512	-2648.989	-3270.711	621.7216	1.849674	1.512606	0.73628	0.26372	3.374442
4518	-2644.21	-3265.167	620.9575	1.785327	1.53795	0.783835	0.216165	3.844718
4524	-2663.684	-3285.147	621.4628	1.716335	1.730055	0.656667	0.343333	3.515801
4530	-2648.8	-3270	621.1995	1.803343	1.557598	0.682073	0.317927	3.686707
4536	-2660.275	-3282.17	621.8946	1.76956	1.475977	0.682073	0.317927	3.335729
4542	-2658.656	-3280.076	621.4199	1.743995	1.466523	0.682073	0.317927	3.631922
4548	-2655.012	-3276.962	621.9491	1.772585	1.404573	0.665191	0.334809	3.333709
4554	-2659.293	-3282.078	622.7851	2.050894	1.575557	0.802814	0.197186	2.586527
4560	-2677.298	-3298.735	621.4367	1.65972	1.24143	0.60925	0.39075	3.774437
4566	-2662.109	-3283.221	621.1126	1.730744	1.075677	0.725804	0.274196	4.004842
4572	-2687.569	-3309.56	621.9906	1.826693	1.295217	0.644077	0.355923	3.328685
4578	-2677.207	-3298.969	621.7621	1.858079	1.609934	0.681188	0.318812	3.304949
4584	-2665.417	-3287.178	621.7614	1.858765	1.609934	0.61645	0.38355	3.304949
4590	-2690.881	-3311.833	620.9521	1.684135	1.459945	0.743095	0.256905	3.938724
4596	-2681.427	-3302.141	620.7136	1.777496	1.344327	0.694276	0.305724	4.072802
4602	-2659.798	-3281.217	621.4185	1.59594	1.420839	0.713997	0.286003	3.738325
4608	-2655.176	-3276.358	621.1818	1.701766	1.506414	0.713997	0.286003	3.77687
4614	-2674.087	-3294.892	620.8052	1.509505	1.472091	0.764434	0.235566	4.117098
4620	-2657.015	-3277.664	620.6485	1.581707	1.472091	0.616816	0.383184	4.165179
4626	-2660.209	-3280.398	620.1897	1.743006	1.915577	0.66985	0.33015	4.165179
4632	-2656.292	-3277.068	620.7755	1.575513	1.369521	0.617081	0.382919	4.141144
4638	-2684.91	-3306.827	621.9165	1.798329	1.44376	0.625281	0.374719	3.320092
4644	-2675.175	-3294.532	619.3563	1.638058	1.44376	0.583653	0.416347	4.872136
4650	-2669.235	-3290.049	620.8134	1.51094	0.9847722	0.622602	0.377398	4.350207
4656	-2655.802	-3276.781	620.9785	1.517866	1.430572	0.749585	0.250415	4.031415
4662	-2656.471	-3277.578	621.1067	1.619476	1.05213	0.748624	0.251376	4.084542
4668	-2669.29	-3290.296	621.0052	1.709555	1.11044	0.703067	0.296933	4.059685
4674	-2662.313	-3282.41	620.0964	1.671133	1.33393	0.703067	0.296933	4.487171
4680	-2668.66	-3287.545	618.8854	1.54062	1.179096	0.677294	0.322706	5.307043
4686	-2651.059	-3273.424	622.3653	1.889727	1.138528	0.69834	0.30166	3.14981
4692	-2644.244	-3265.658	621.4139	1.935554	1.42384	0.667098	0.332902	3.542854
4698	-2635.619	-3257.37	621.751	1.745562	1.099745	0.660271	0.339729	3.615841
4704	-2652.463	-3273.408	620.9454	1.616404	1.24043	0.660271	0.339729	4.081239
4710	-2679.019	-3299.797	620.7783	1.596799	1.522497	0.670806	0.329194	4.061609
4716	-2658.645	-3280.368	621.7231	1.741382	1.343461	0.752859	0.247141	3.512441
4722	-2658.592	-3281.196	622.6037	1.741382	1.177795	0.681357	0.318643	3.075229
4728	-2656.948	-3278.428	621.4803	1.780593	1.603169	0.59747	0.40253	3.518205
4734	-2664.691	-3285.225	620.5339	1.495345	1.460445	0.630201	0.369799	4.284081
4740	-2653.636	-3275.116	621.4795	1.719511	1.379235	0.621406	0.378594	3.650266
4746	-2652.946	-3274.632	621.6855	1.805038	1.422646	0.682328	0.317672	3.461094
4752	-2667.125	-3288.636	621.5117	1.803355	1.666812	0.645662	0.354338	3.461094
4758	-2661.805	-3283.36	621.5551	1.820579	1.547811	0.625924	0.374076	3.474072
4764	-2654.753	-3276.733	621.9796	1.879454	1.231752	0.625924	0.374076	3.335431
4770	-2647.387	-3269.274	621.8876	1.946834	1.260841	0.702443	0.297557	3.335431
4776	-2642.532	-3263.592	621.0606	1.880059	1.568752	0.695021	0.304979	3.718069
4782	-2666.174	-3288.422	622.2482	1.883203	1.201333	0.776032	0.223968	3.190085
4788	-2672.236	-3294.476	622.2401	1.888114	1.11776	0.589275	0.410725	3.236263
4794	-2656.997	-3277.838	620.8411	1.72541	1.755737	0.686926	0.313074	3.860475
4800	-2672.826	-3293.157	620.331	1.76981	1.970049	0.64682	0.35318	4.05087
4806	-2676.216	-3296.59	620.3741	1.691423	1.196255	0.663307	0.336693	4.384225
4812	-2691.059	-3313.171	622.1115	1.543243	0.9741061	0.649773	0.350227	3.59509
4818	-2673.329	-3294.293	620.9636	1.551474	1.852931	0.659294	0.340706	3.854487
4824	-2656.109	-3277.187	621.0775	1.759729	1.356941	0.645591	0.354409	3.869009
4830	-2672.639	-3293.894	621.2547	1.48821	1.369171	0.732611	0.267389	3.917581
4836	-2672.412	-3292.49	620.0781	1.5779	1.724673	0.654083	0.345917	4.390194
4842	-2662.359	-3282.253	619.8948	1.615646	1.719275	0.662523	0.337477	4.474237
4848	-2669.652	-3289.079	619.4271	1.541251	1.502489	0.662523	0.337477	4.862236
4854	-2665.576	-3286.449	620.8733	1.475255	1.55106	0.640871	0.359129	4.065018
4860	-2673.646	-3295.281	621.6353	1.740595	1.602178	0.616327	0.383673	3.451482
4866	-2662.538	-3283.853	621.3151	1.695249	1.190294	0.630147	0.369853	3.849344
4872	-2658.887	-3279.147	620.2594	1.615598	1.622532	0.663043	0.336957	4.305365
4878	-2667.801	-3289.493	621.6916	1.719392	1.235434	0.63896	0.36104	3.595408
4884	-2646.39	-3266.621	620.2312	1.663096	1.667526	0.646818	0.353182	4.277069
4890	-2636.374	-3257.996	621.6223	1.831945	1.27928	0.699392	0.300608	3.548856
4896	-2641.756	-3263.641	621.8849	1.854939	1.512128	0.770841	0.229159	3.275436
4902	-2658.814	-3280.216	621.4028	1.798276	1.411699	0.68111	0.31889	3.634448
4908	-2689.97	-3312.209	622.2388	1.914325	1.117688	0.728954	0.271046	3.221522
4914	-2667.733	-3290.234	622.5001	1.871817	1.457859	0.65308	0.34692	2.92248
4920	-2692.63	-3314.034	621.4042	1.926915	1.462596	0.80157	0.19843	3.536427
4926	-2668.599	-3290.217	621.6176	1.789595	1.383768	0.730849	0.269151	3.527221
4932	-2651.378	-3272.745	621.3667	1.732213	1.4396	0.586526	0.413474	3.681293
4938	-2656.584	-3278.706	622.1215	1.880882	1.460356	0.685648	0.314352	3.142625
4944	-2679.451	-3298.899	619.4475	1.584714	1.549757	0.720483	0.279517	4.807543
4950	-2665.118	-3285.324	620.2054	1.728145	1.398767	0.702444	0.297556	4.36475
4956	-2670.269	-3290.797	620.5279	1.687117	1.243492	0.702444	0.297556	4.276723
4962	-2672.507	-3294.21	621.7028	1.689375	1.126552	0.629511	0.370489	3.662032
4968	-2679.245	-3299.315	620.0696	1.642482	1.609136	0.666753	0.333247	4.40264
4974	-2677.277	-3297.362	620.0857	1.581393	1.592402	0.796638	0.203362	4.434625
4980	-2672	-3292.264	620.2648	1.512381	1.454133	0.615927	0.384073	4.429151
4986	-2677.388	-3298.736	621.3483	1.545588	1.425846	0.68114	0.31886	3.805605
4992	-2658.784	-3278.945	620.1607	1.479883	1.528995	0.722439	0.277561	4.474993
4998	-2670.255	-3290.932	620.6769	1.657538	1.213904	0.699285	0.300715	4.223436
5004	-2668.017	-3290.765	622.7483	1.491299	0.8816341	0.623707	0.376293	3.310284
5010	-2654.854	-3273.575	618.7207	1.426344	1.353276	0.656412	0.343588	5.380492
5016	-2665.129	-3284.444	619.3153	1.354408	1.39221	0.645697	0.354303	5.074546
5022	-2659.416	-3278.753	619.3369	1.304808	1.35012	0.645697	0.354303	5.108455
5028	-2662.048	-3282.465	620.4166	1.565714	1.449482	0.686988	0.313012	4.31532
5034	-2649.875	-3271.335	621.4598	1.479474	1.336009	0.607767	0.392233	3.82
5040	-2639.959	-3262.369	622.41	1.604075	1.282727	0.710431	0.289569	3.218676
5046	-2646.752	-3268.061	621.3089	1.776176	1.282727	0.710431	0.289569	3.761041
5052	-2642.706	-3263.332	620.6264	1.646209	1.404224	0.703696	0.296304	4.17032
5058	-2650.057	-3269.973	619.9155	1.367661	1.349753	0.613739	0.386261	4.751666
5064	-2659.593	-3279.541	619.9484	1.409413	1.523517	0.593667	0.406333	4.63603
5070	-2668.404	-3288.79	620.3867	1.545667	1.638086	0.732819	0.267181	4.266827
5076	-2646.064	-3268.156	622.092	1.676682	1.076024	0.563299	0.436701	3.470386
5082	-2631.942	-3253.378	621.4358	1.830884	1.325318	0.683986	0.316014	3.635913
5088	-2659.675	-3281.914	622.2391	1.873536	1.244501	0.653333	0.346667	3.1792
5094	-2653.993	-3277.081	623.0878	1.707443	1.318015	0.698684	0.301316	2.731566
5100	-2659.745	-3281.761	622.0159	1.698945	1.289043	0.726827	0.273173	3.391895
5106	-2657.518	-3276.978	619.4609	1.590757	1.530066	0.684522	0.315478	4.804586
5112	-2653.115	-3274.213	621.0981	1.747628	1.600307	0.676605	0.323395	3.76002
5118	-2662.06	-3283.081	621.0209	1.886278	1.889015	0.632648	0.367352	3.615266
5124	-2658.099	-3279.365	621.2669	1.600534	1.954657	0.687239	0.312761	3.615266
5130	-2658.889	-3279.964	621.0756	1.785694	1.321321	0.686588	0.313412	3.871619
5136	-2684.513	-3307.324	622.811	1.655461	1.383793	0.691337	0.308663	2.899636
5142	-2688.136	-3309.438	621.3027	1.86881	1.309828	0.696171	0.303829	3.698287
5148	-2669.519	-3289.36	619.8415	1.397203	1.665097	0.63529	0.36471	4.647161
5154	-2669.049	-3290.503	621.4538	1.430583	1.173702	0.73311	0.26689	3.930025
5160	-2661.134	-3282.499	621.3647	1.534058	1.492256	0.73311	0.26689	3.774123
5166	-2685.261	-3306.418	621.1566	1.627746	1.376144	0.789487	0.210513	3.890703
5172	-2687.724	-3307.379	619.6546	1.587441	1.355734	0.619057	0.380943	4.772005
5178	-2676.427	-3298.276	621.8491	1.718982	1.045292	0.706936	0.293064	3.604349
5184	-2685.569	-3309.312	623.7426	1.676587	1.20245	0.706936	0.293064	2.404302
5190	-2671.128	-3293.433	622.3051	2.020246	1.211393	0.699641	0.300359	3.069453
5196	-2667.262	-3289.713	622.4505	1.91656	1.375785	0.770591	0.229409	2.96333
5202	-2669.132	-3291.259	622.1267	1.945301	1.297131	0.603702	0.396298	3.17729
5208	-2668.333	-3290.104	621.7705	1.838901	1.648563	0.658827	0.341173	3.295601
5214	-2659.19	-3281.13	621.94	1.644422	1.08276	0.78077	0.21923	3.574077
5220	-2650.767	-3272.945	622.1779	1.677277	0.9216197	0.770591	0.229409	3.510244
5226	-2647.071	-3267.91	620.8394	1.64204	1.151245	0.687452	0.312548	4.171315
5232	-2662.279	-3284.135	621.8557	1.711903	0.9794981	0.632122	0.367878	3.642429
5238	-2653.621	-3274.231	620.6093	1.635483	1.375664	0.632122	0.367878	4.198789
5244	-2640.979	-3263.015	622.0361	1.632795	1.287901	0.61548	0.38452	3.419339
5250	-2657.483	-3279.487	622.0041	1.698578	1.195815	0.75621	0.24379	3.445321
5256	-2659.674	-3280.302	620.6272	1.550474	1.327749	0.71881	0.28119	4.258433
5262	-2643.952	-3264.382	620.4302	1.595214	1.320054	0.681901	0.318099	4.348083
5268	-2671.487	-3291.258	619.7709	1.608598	1.283575	0.656935	0.343065	4.727854
5274	-2666.07	-3285.961	619.8908	1.488705	1.283575	0.738382	0.261618	4.727854
5280	-2652.296	-3270.461	618.1645	1.364684	1.283575	0.736439	0.263561	5.750963
5286	-2657.144	-3273.715	616.5715	1.247179	1.283575	0.644202	0.355798	6.68115
5292	-2650.714	-3268.708	617.9946	1.363005	1.665633	0.654074	0.345926	5.688663
5298	-2666.921	-3286.105	619.1836	1.448279	1.585611	0.639042	0.360958	5.016226
5304	-2667.308	-3287.867	620.5591	1.703581	1.614967	0.600289	0.399711	4.088263
5310	-2657.228	-3277.886	620.6575	1.519821	1.741802	0.615001	0.384999	4.088263
5316	-2665.805	-3286.209	620.404	1.447864	1.44092	0.593359	0.406641	4.392634
5322	-2675.392	-3295.397	620.0046	1.609884	1.464146	0.710018	0.289982	4.516483
5328	-2666.091	-3286.645	620.5545	1.709497	1.648193	0.777082	0.222918	4.074508
5334	-2681.673	-3302.792	621.119	1.707264	1.572389	0.607088	0.392912	3.782559
5340	-2695.616	-3316.519	620.9035	1.80423	1.746915	0.656106	0.343894	3.782559
5346	-2679.664	-3299.189	619.5246	1.593849	1.906439	0.742741	0.257259	4.62773
5352	-2675.128	-3295.462	620.3344	1.487586	1.606584	0.650405	0.349595	4.341629
5358	-2660.736	-3281.676	620.9398	1.719615	1.850131	0.659441	0.340559	3.772435
5364	-2672.491	-3292.578	620.087	1.687351	1.402714	0.696161	0.303839	4.452806
5370	-2656.927	-3277.51	620.5828	1.575688	1.472227	0.719951	0.280049	4.205812
5376	-2660.203	-3281.729	621.5264	1.727937	1.310424	0.690221	0.309779	3.650051
5382	-2658.031	-3280.259	622.2279	1.839554	1.4106	0.61426	0.38574	3.126382
5388	-2656.814	-3278.972	622.158	1.902769	1.729281	0.726249	0.273751	2.995088
5394	-2641.43	-3262.932	621.5024	1.820894	1.58767	0.611076	0.388924	3.488102
5400	-2666.347	-3287.748	621.4007	1.611738	1.454388	0.587641	0.412359	3.724783
5406	-2666.684	-3287.323	620.6389	1.685129	1.32689	0.57657	0.42343	4.175779
5412	-2672.068	-3292.972	620.9036	1.672784	1.32689	0.756058	0.243942	4.032094
5418	-2668.081	-3288.523	620.4424	1.517902	1.342573	0.62858	0.37142	4.374629
5424	-2670.121	-3290.934	620.8133	1.632309	1.445634	0.767163	0.232837	4.05387
5430	-2677.654	-3298.537	620.8828	1.632309	1.35587	0.672913	0.327087	4.05387
5436	-2697.654	-3318.679	621.0249	1.780679	1.81773	0.708519	0.291481	3.69982
5442	-2687.689	-3307.65	619.9601	1.432182	1.420453	0.717532	0.282468	4.659715
5448	-2668.47	-3288.363	619.8923	1.511778	1.450279	0.654919	0.345081	4.640458
5454	-2668.182	-3289.633	621.4505	1.619185	1.496483	0.776195	0.223805	3.673597
5460	-2673.299	-3293.623	620.3242	1.487313	1.496483	0.595353	0.404647	4.391982
5466	-2661.484	-3282.743	621.259	1.468395	1.629641	0.695864	0.304136	3.816453
5472	-2661.192	-3282.483	621.2914	1.551058	1.629641	0.592724	0.407276	3.750192
5478	-2667.92	-3289.078	621.1576	1.723406	1.657886	0.70811	0.29189	3.716749
5484	-2647.262	-3268.594	621.3318	1.825946	1.437214	0.776261	0.223739	3.64825
5490	-2639.232	-3259.814	620.5817	1.6416	1.400392	0.658938	0.341062	4.200036
5496	-2665.322	-3285.674	620.3519	1.6385	1.499453	0.708459	0.291541	4.289657
5502	-2685.979	-3309.062	623.0823	1.651958	1.270116	0.640039	0.359961	2.792833
5508	-2677.599	-3301.003	623.4042	1.783227	1.10356	0.604365	0.395635	2.604613
5514	-2670.255	-3289.948	619.6936	1.527069	1.307085	0.712527	0.287473	4.805789
5520	-2659.056	-3278.738	619.6818	1.436219	1.236104	0.6538	0.3462	4.895972
5526	-2659.524	-3279.893	620.369	1.311617	1.017077	0.742913	0.257087	4.693952
5532	-2664.013	-3286.854	622.8415	1.551142	1.627109	0.636656	0.363344	2.836295
5538	-2666.987	-3289.523	622.5352	1.498637	1.269877	0.670546	0.329454	3.213278
5544	-2659.303	-3281.978	622.6754	1.553187	1.269877	0.591825	0.408175	3.097574
5550	-2682.182	-3303.003	620.8215	1.664698	1.393664	0.724146	0.275854	4.053434
5556	-2686.853	-3307.808	620.9549	1.558984	1.358305	0.729203	0.270797	4.053434
5562	-2672.184	-3294.145	621.9612	1.686508	1.570851	0.744021	0.255979	3.304865
5568	-2689.86	-3311.849	621.9896	1.686508	1.501171	0.633668	0.366332	3.31771
5574	-2678	-3299.997	621.9978	1.887972	1.510117	0.636479	0.363521	3.189978
5580	-2667.305	-3289.124	621.8183	1.588951	1.46707	0.698899	0.301101	3.490096
5586	-2654.707	-3275.436	620.7291	1.539167	1.270838	0.632412	0.367588	4.233539
5592	-2656.089	-3275.837	619.7476	1.493831	1.456365	0.632412	0.367588	4.728915
5598	-2650.313	-3270.914	620.601	1.496971	1.559315	0.542217	0.457783	4.204166
5604	-2652.84	-3273.27	620.4293	1.354094	1.241992	0.602599	0.397401	4.520962
5610	-2674.704	-3296.813	622.109	1.739022	1.27013	0.656991	0.343009	3.322863
5616	-2679.262	-3300.791	621.5293	1.644143	1.466633	0.648123	0.351877	3.626349
5622	-2683.515	-3304.921	621.406	1.701625	1.556733	0.624099	0.375901	3.626349
5628	-2689.956	-3310.098	620.142	1.444885	1.445369	0.746303	0.253697	4.539955
5634	-2683.998	-3303.835	619.837	1.595424	1.302336	0.679597	0.320403	4.689632
5640	-2678.922	-3301.162	622.2405	1.877057	1.56869	0.632532	0.367468	3.026781
5646	-2681.155	-3303.313	622.1576	1.985519	1.417549	0.662188	0.337812	3.078081
5652	-2687.623	-3310.67	623.0476	1.67787	1.231953	0.578879	0.421121	2.81781
5658	-2668.62	-3290.65	622.0304	1.439803	1.183932	0.602951	0.397049	3.586902
5664	-2662.518	-3284.094	621.5764	1.510848	1.486781	0.752078	0.247922	3.667579
5670	-2661.475	-3281.697	620.2228	1.536852	1.305361	0.766418	0.233582	4.504631
5676	-2677.34	-3298.214	620.8737	1.519791	1.188028	0.673917	0.326083	4.202673
5682	-2673.265	-3294.192	620.9271	1.618969	1.39978	0.692735	0.307265	4.016523
5688	-2691.143	-3311.628	620.485	1.431645	1.092594	0.612465	0.387535	4.520858
5694	-2674.453	-3296.443	621.9902	1.798477	1.361547	0.632908	0.367092	3.314082
5700	-2680.341	-3301.96	621.6191	1.492504	1.929854	0.60973	0.39027	3.481805
5706	-2678.911	-3301.165	622.2537	1.575711	1.011341	0.690952	0.309048	3.471555
5712	-2677.078	-3297.678	620.5998	1.628784	1.381204	0.667398	0.332602	4.205518
5718	-2680.797	-3300.502	619.7052	1.685194	1.655082	0.696017	0.303983	4.565884
5724	-2685.636	-3304.096	618.46	1.576883	1.588687	0.696017	0.303983	5.344331
5730	-2697.344	-3318.09	620.7468	1.478633	1.031818	0.639349	0.360651	4.379655
5736	-2688.328	-3308.793	620.4648	1.595582	1.236966	0.683875	0.316125	4.36731
5742	-2664.922	-3284.054	619.1319	1.441755	1.835551	0.669727	0.330273	4.956354
5748	-2670.775	-3290.616	619.841	1.561293	1.596795	0.712828	0.287172	4.581801
5754	-2682.095	-3302.167	620.0716	1.614786	1.657881	0.727663	0.272337	4.398277
5760	-2663.904	-3284.282	620.3781	1.58553	1.657881	0.727663	0.272337	4.241476
5766	-2665.551	-3286.204	620.6531	1.489023	1.439577	0.568065	0.431935	4.22905
5772	-2664.819	-3285.292	620.4734	1.572987	1.420297	0.551908	0.448092	4.291575
5778	-2657.301	-3277.885	620.5843	1.711676	1.420297	0.633202	0.366798	4.150039
5784	-2691.001	-3312.394	621.3932	1.565653	1.366657	0.646121	0.353879	3.794655
5790	-2676.133	-3296.724	620.5908	1.377423	1.139142	0.646121	0.353879	4.467699
5796	-2677.652	-3297.825	620.173	1.527225	1.401163	0.580396	0.419604	4.495218
5802	-2677.423	-3297.71	620.2869	1.584478	1.237966	0.663746	0.336254	4.473398
5808	-2674.042	-3294.36	620.3173	1.639747	1.32263	0.639443	0.360557	4.38552
5814	-2667.019	-3288.618	621.5986	1.690899	1.531204	0.718121	0.281879	3.531321
5820	-2659.668	-3281.053	621.3849	1.839569	1.896021	0.636507	0.363493	3.427837
5826	-2658.195	-3279.241	621.0461	1.871236	1.978597	0.636562	0.363438	3.578024
5832	-2656.634	-3277.914	621.2807	1.718941	1.406356	0.661555	0.338445	3.753328
5838	-2663.758	-3284.634	620.8766	1.670703	1.208307	0.642061	0.357939	4.105188
5844	-2643.451	-3264.361	620.9097	1.802	1.402321	0.6979	0.3021	3.920662
5850	-2652.887	-3275.239	622.352	1.846713	1.596681	0.717708	0.282292	2.966211
5856	-2652.083	-3274.569	622.4858	2.003823	1.456275	0.688755	0.311245	2.852035
5862	-2651.76	-3274.377	622.6166	1.948849	1.591056	0.715557	0.284443	2.746313
5868	-2646.933	-3268.158	621.2253	1.692202	1.510158	0.715557	0.284443	3.755772
5874	-2669.316	-3291.499	622.1836	1.845583	1.47202	0.690904	0.309096	3.12151
5880	-2641.065	-3260.271	619.2062	1.398942	1.13961	0.678873	0.321127	5.227572
5886	-2636.443	-3255.297	618.8534	1.511325	1.374023	0.777502	0.222498	5.251284
5892	-2644.688	-3266.737	622.049	1.636087	1.200268	0.608284	0.391716	3.453373
5898	-2652.658	-3273.711	621.053	1.636087	1.169774	0.68253	0.31747	4.043698
5904	-2654.327	-3274.383	620.0555	1.620815	1.419536	0.731739	0.268261	4.500687
5910	-2664.34	-3285.018	620.678	1.639581	1.505415	0.577355	0.422645	4.101474
5916	-2669.618	-3290.673	621.0552	1.754708	1.696348	0.725007	0.274993	3.742882
5922	-2664.897	-3286.068	621.1709	1.710187	1.320255	0.77765	0.22235	3.860728
5928	-2649.32	-3269.022	619.7022	1.619199	1.370196	0.57893	0.42107	4.721256
5934	-2654.351	-3275.254	620.903	1.571122	1.677169	0.788284	0.211716	3.943275
5940	-2643.195	-3262.868	619.6729	1.571122	1.810671	0.780093	0.219907	4.590699
5946	-2649.589	-3270.085	620.4961	1.629096	1.47694	0.780093	0.219907	4.222721
5952	-2641.731	-3262.088	620.3571	1.663896	1.48559	0.671595	0.328405	4.278157
5958	-2662.231	-3283.434	621.2023	1.641761	1.540954	0.688231	0.311769	3.785196
5964	-2661.318	-3282.338	621.0205	1.571985	1.431213	0.711239	0.288761	3.976194
5970	-2676.687	-3296.739	620.0521	1.377928	1.799467	0.673946	0.326054	4.490211
5976	-2681.104	-3302.843	621.739	1.457722	1.747321	0.673946	0.326054	3.498949
5982	-2673.518	-3294.222	620.7043	1.365473	0.9843123	0.551525	0.448475	4.493966
5988	-2670.93	-3292.891	621.9612	1.653686	1.237879	0.802555	0.197445	3.475455
5994	-2659.525	-3279.622	620.0975	1.563048	1.48121	0.808231	0.191769	4.483403
6000	-2659.829	-3281.177	621.348	1.474705	1.104611	0.701559	0.298441	4.001148
6006	-2656.159	-3278.545	622.3865	1.411858	1.002479	0.701559	0.298441	3.494806
6012	-2645.572	-3266.479	620.9066	1.336176	1.002479	0.619666	0.380334	4.386203
6018	-2652.929	-3271.589	618.6598	1.468391	1.514623	0.627441	0.372559	5.323148
6024	-2684.894	-3304.147	619.2521	1.478664	1.60244	0.683125	0.316875	4.954732
6030	-2663.498	-3282.202	618.7039	1.347325	1.325297	0.636869	0.363131	5.445586
6036	-2653.011	-3272.678	619.6675	1.366135	1.57899	0.636869	0.363131	4.795128
6042	-2652.472	-3273.73	621.2579	1.675186	1.551771	0.680346	0.319654	3.729395
6048	-2649.276	-3271.009	621.7326	1.54849	1.053959	0.749131	0.250869	3.765516
6054	-2659.506	-3280.433	620.9273	1.616467	1.777031	0.704089	0.295911	3.865651
6060	-2651.979	-3272.936	620.9565	1.665706	1.431639	0.696361	0.303639	3.95902
6066	-2655.42	-3276.385	620.9653	1.635808	1.199152	0.71644	0.28356	4.079114
6072	-2663.319	-3283.509	620.1904	1.610885	1.299702	0.621961	0.378039	4.483837
6078	-2676.337	-3295.193	618.8557	1.599001	1.503919	0.621961	0.378039	5.146986
6084	-2673.848	-3294.516	620.6688	1.761087	1.550226	0.650344	0.349656	4.018949
6090	-2656.065	-3276.598	620.5333	1.519491	1.391964	0.657666	0.342334	4.300357
6096	-2657.232	-3278.315	621.0838	1.856871	1.779797	0.6303	0.3697	3.635595
6102	-2665.767	-3287.184	621.4168	1.763526	1.702659	0.662022	0.337978	3.52568
6108	-2679.036	-3299.305	620.2688	1.819571	2.225721	0.711749	0.288251	3.975436
6114	-2685.921	-3306.684	620.7626	1.653603	1.688007	0.655514	0.344486	3.972231
6120	-2651.752	-3272.819	621.067	1.738542	1.517023	0.65101	0.34899	3.817379
6126	-2671.033	-3292.164	621.1317	1.673809	1.517023	0.716609	0.283391	3.817379
6132	-2676.661	-3297.331	620.6702	1.669448	1.280818	0.739258	0.260742	4.188319
6138	-2685.38	-3307.235	621.8553	1.758997	1.373583	0.739258	0.260742	3.410896
6144	-2662.028	-3283.725	621.6965	1.918417	1.33713	0.64678	0.35322	3.427491
6150	-2650.563	-3271.358	620.7948	1.747808	1.518951	0.747236	0.252764	3.967377
6156	-2648.139	-3268.951	620.8128	1.617946	1.676545	0.628055	0.371945	3.968321
6162	-2651.531	-3272.131	620.5997	1.620567	1.432541	0.758494	0.241506	4.187726
6168	-2660.524	-3280.891	620.3671	1.685565	1.656764	0.724754	0.275246	4.191383
6174	-2659.743	-3280.792	621.0486	1.664448	1.296587	0.727986	0.272014	3.968101
6180	-2667.407	-3288.673	621.2656	1.780945	1.1718	0.680098	0.319902	3.83794
6186	-2654.957	-3274.852	619.8951	1.501872	1.56666	0.740803	0.259197	4.596703
6192	-2679.374	-3299.069	619.695	1.513598	1.308802	0.736654	0.263346	4.811706
6198	-2677.703	-3297.194	619.4913	1.539845	1.505796	0.801257	0.198743	4.825866
6204	-2674.603	-3294.317	619.7136	1.480617	1.259406	0.678552	0.321448	4.842535
6210	-2660.775	-3279.414	618.639	1.413224	1.332851	0.679091	0.320909	5.441711
6216	-2672.406	-3292.167	619.7609	1.486006	1.321537	0.679091	0.320909	4.784594
6222	-2674.973	-3294.439	619.4654	1.486006	1.683785	0.777789	0.222211	4.800762
6228	-2668.229	-3288.912	620.6825	1.594307	1.375499	0.716188	0.283812	4.180657
6234	-2672.624	-3292.273	619.6486	1.394854	1.796218	0.745001	0.254999	4.708254
6240	-2669.387	-3287.648	618.2605	1.427279	1.45166	0.713136	0.286864	5.591239
6246	-2670.268	-3290.326	620.0579	1.640396	1.45166	0.682444	0.317556	4.47459
6252	-2669.939	-3290.718	620.779	1.658178	1.369663	0.645296	0.354704	4.092048
6258	-2672.383	-3293.058	620.6747	1.709655	1.438073	0.670891	0.329109	4.092048
6264	-2672.59	-3292.545	619.9553	1.596203	1.438073	0.714967	0.285033	4.562895
6270	-2682.806	-3303.089	620.2832	1.689311	1.920192	0.854113	0.145887	4.140981
6276	-2678.172	-3297.311	619.1382	1.426356	1.321387	0.564276	0.435724	5.163963
6282	-2677.924	-3298.223	620.2992	1.610737	1.38183	0.697971	0.302029	4.385526
6288	-2666.258	-3286.166	619.9087	1.650492	1.397256	0.697971	0.302029	4.576149
6294	-2680.034	-3301.538	621.5038	1.795373	1.714181	0.737156	0.262844	3.451821
6300	-2665.33	-3287.577	622.2473	1.823991	1.316335	0.713003	0.286997	3.168385
6306	-2676.871	-3299.656	622.7852	2.082249	1.191024	0.659753	0.340247	2.752864
6312	-2675.396	-3296.435	621.0396	1.685816	1.2345	0.717399	0.282601	3.990747
6318	-2660.473	-3281.664	621.1909	1.688622	1.230649	0.695205	0.304795	3.904438
6324	-2665.581	-3286.636	621.0553	1.643209	1.456686	0.744342	0.255658	3.904438
6330	-2671.108	-3292.048	620.9394	1.680263	1.121617	0.664269	0.335731	4.108028
6336	-2681.958	-3304.165	622.207	1.715395	1.132007	0.781484	0.218516	3.34988
6342	-2680.705	-3302.862	622.1577	1.631914	1.135006	0.768059	0.231941	3.426166
6348	-2673.363	-3295.659	622.2956	1.731703	0.9919064	0.672442	0.327558	3.367005
6354	-2676.028	-3298.851	622.8236	1.971819	1.359149	0.69973	0.30027	2.711272
6360	-2677.642	-3300.107	622.4658	1.983249	1.203173	0.836057	0.163943	2.99972
6366	-2678.944	-3300.326	621.3819	1.691826	1.214904	0.784606	0.215394	3.800614
6372	-2662.329	-3284.016	621.6865	1.720521	1.219402	0.681645	0.318355	3.605671
6378	-2658.877	-3280.024	621.1473	1.651197	1.39352	0.775086	0.224914	3.874753
6384	-2666.303	-3288.661	622.3577	1.841614	1.093088	0.666005	0.333995	3.207682
6390	-2666.213	-3289.921	623.7074	1.768884	1.011699	0.700445	0.299555	2.479674
6396	-2660.264	-3282.704	622.4394	1.562873	0.960737	0.701081	0.298919	3.400285
6402	-2680.274	-3301.948	621.6734	1.771731	1.103331	0.694501	0.305499	3.643754
6408	-2688.609	-3310.464	621.8552	1.741841	1.037033	0.629435	0.370565	3.592169
6414	-2674.521	-3295.647	621.126	1.589315	1.343374	0.673763	0.326237	3.94515
6420	-2661.808	-3282.462	620.6543	1.720331	1.432981	0.651358	0.348642	4.099752
6426	-2663.863	-3285.353	621.4894	1.650181	1.536843	0.611293	0.388707	3.616104
6432	-2662.173	-3283.875	621.702	1.772495	1.123068	0.736651	0.263349	3.616174
6438	-2682.177	-3304.084	621.907	1.83626	1.334868	0.71655	0.28345	3.35329
6444	-2673.019	-3293.3	620.2815	1.381628	1.222857	0.726457	0.273543	4.597693
6450	-2668.781	-3289.278	620.4964	1.608499	1.199921	0.609919	0.390081	4.360204
6456	-2650.819	-3271.436	620.6167	1.65128	1.363016	0.644697	0.355303	4.19127
6462	-2661.859	-3283.252	621.3929	1.701793	1.615296	0.753031	0.246969	3.609936
6468	-2663.988	-3285.631	621.6434	1.56323	1.544123	0.704366	0.295634	3.574074
6474	-2664.322	-3285.199	620.8775	1.707342	1.622837	0.683436	0.316564	3.901068
6480	-2684.827	-3306.076	621.2489	1.554184	1.632355	0.743306	0.256694	3.771793
6486	-2677.304	-3298.369	621.0649	1.584181	1.211896	0.719066	0.280934	4.045434
6492	-2676.977	-3296.288	619.3111	1.474971	2.705072	0.703238	0.296762	4.577676
6498	-2665.908	-3285.186	619.2772	1.615279	2.705072	0.608326	0.391674	4.517929
6504	-2669.744	-3290.681	620.9378	1.77563	1.416804	0.734219	0.265781	3.913273
6510	-2661.066	-3282.644	621.578	1.539645	1.64119	0.591431	0.408569	3.586239
6516	-2659.979	-3281.181	621.2012	1.799895	1.49288	0.588962	0.411038	3.714788
6522	-2642.64	-3263.611	620.971	1.782185	1.649155	0.690744	0.309256	3.793936
6528	-2672.24	-3291.499	619.2587	1.521285	1.959892	0.690744	0.309256	4.799069
6534	-2663.995	-3285.971	621.9761	1.536842	1.533314	0.658636	0.341364	3.399826
6540	-2667.876	-3289.047	621.1706	1.727315	1.430463	0.72339	0.27661	3.801259
6546	-2660.33	-3280.712	620.3813	1.584898	1.814909	0.7919	0.2081	4.181609
6552	-2688.115	-3309.057	620.942	1.669544	1.542923	0.608623	0.391377	3.917984
6558	-2669.138	-3289.791	620.653	1.533759	1.409623	0.75858	0.24142	4.216687
6564	-2652.775	-3271.035	618.261	1.540171	1.867274	0.646706	0.353294	5.373113
6570	-2660.703	-3282.117	621.4145	1.522685	1.362373	0.676012	0.323988	3.809115
6576	-2679.142	-3300.195	621.0532	1.759703	1.653456	0.751522	0.248478	3.757823
6582	-2668.111	-3290.315	622.2036	1.783473	1.244904	0.684649	0.315351	3.253384
6588	-2676.647	-3298.154	621.5072	1.717037	1.119264	0.680429	0.319571	3.762926
6594	-2681.259	-3302.507	621.2474	1.707139	1.443544	0.673862	0.326138	3.762926
6600	-2654.924	-3276.66	621.736	1.712894	1.2013	0.687497	0.312503	3.59048
6606	-2652.539	-3273.674	621.1345	1.665608	1.291239	0.72457	0.27543	3.920813
6612	-2655.024	-3276.298	621.2733	1.715185	1.491029	0.713483	0.286517	3.72287
6618	-2664.48	-3284.691	620.2108	1.776567	1.934466	0.722623	0.277377	4.127601
6624	-2670.533	-3291.259	620.7262	1.706396	1.329332	0.709334	0.290666	4.112936
6630	-2649.854	-3271.484	621.6293	1.72164	1.576119	0.699124	0.300876	3.476761
6636	-2661.438	-3282.723	621.2848	1.789234	1.576119	0.736311	0.263689	3.637815
6642	-2656.826	-3278.183	621.3566	1.690117	1.586253	0.692518	0.307482	3.649522
6648	-2656.916	-3276.831	619.9146	1.64232	1.566075	0.713243	0.286757	4.507109
6654	-2653.551	-3272.879	619.3281	1.641866	1.642696	0.785136	0.214864	4.805959
6660	-2668.009	-3288.607	620.598	1.510005	1.156432	0.868203	0.131797	4.380119
6666	-2676.673	-3295.725	619.0525	1.272272	2.017223	0.739413	0.260587	5.033642
6672	-2670.435	-3291.05	620.6147	1.73616	1.837973	0.73941	0.26059	3.954057
6678	-2665.776	-3287.194	621.4184	1.813668	1.617986	0.620968	0.379032	3.528992
6684	-2644.911	-3264.113	619.2015	1.582967	1.472066	0.633539	0.366461	4.97708
6690	-2661.048	-3280.601	619.5534	1.654947	1.948875	0.668862	0.331138	4.562933
6696	-2653.187	-3272.469	619.2815	1.504681	1.948875	0.683894	0.316106	4.79929
6702	-2660.66	-3281.823	621.1626	1.815575	1.407294	0.724821	0.275179	3.765275
6708	-2662.581	-3283.879	621.2983	1.816222	1.951992	0.635297	0.364703	3.472349
6714	-2662.87	-3284.382	621.5117	1.866175	1.877163	0.558313	0.441687	3.344649
6720	-2643.518	-3264.415	620.8975	1.64739	1.433178	0.623498	0.376502	4.002591
6726	-2642.491	-3263.461	620.9697	1.676289	1.501629	0.623498	0.376502	3.91544
6732	-2673.481	-3292.466	618.9852	1.538003	1.720803	0.753734	0.246266	5.025443
6738	-2671.91	-3291.987	620.077	1.641249	1.712151	0.661867	0.338133	4.359727
6744	-2669.557	-3288.945	619.3882	1.705643	1.963824	0.669854	0.330146	4.622164
6750	-2686.165	-3306.464	620.2983	1.651325	1.650818	0.754669	0.245331	4.252159
6756	-2694.282	-3315.335	621.0527	1.636896	1.740147	0.687656	0.312344	3.795539
6762	-2666.803	-3288.128	621.3251	1.625028	1.65591	0.687656	0.312344	3.677594
6768	-2681.293	-3302.345	621.0523	1.741475	1.380396	0.75572	0.24428	3.883355
6774	-2682.054	-3303.516	621.4625	1.741475	1.396632	0.753054	0.246946	3.639487
6780	-2689.723	-3309.893	620.1699	1.657746	1.404249	0.77431	0.22569	4.422136
6786	-2697.926	-3318.196	620.2696	1.542429	1.42448	0.604027	0.395973	4.422136
6792	-2696.685	-3317.565	620.8802	1.749799	1.566998	0.618844	0.381156	3.897556
6798	-2694.902	-3315.459	620.5569	1.683227	1.252513	0.618844	0.381156	4.258216
6804	-2704.17	-3324.492	620.3216	1.613446	1.302118	0.686927	0.313073	4.407348
6810	-2674.743	-3295.528	620.7853	1.690374	1.421703	0.710748	0.289252	4.047071
6816	-2678.479	-3297.884	619.4056	1.48461	1.306631	0.66354	0.33646	4.990018
6822	-2658.895	-3280.233	621.338	1.706893	1.273659	0.645081	0.354919	3.788509
6828	-2679.394	-3298.081	618.6875	1.43241	1.466967	0.623865	0.376135	5.347157
6834	-2707.866	-3329.93	622.064	1.840484	1.504887	0.628469	0.371531	3.181164
6840	-2683.431	-3303.061	619.6301	1.516242	1.273436	0.707778	0.292222	4.862687
6846	-2673.614	-3293.516	619.9024	1.599881	1.323622	0.6467	0.3533	4.640811
6852	-2667.18	-3287.387	620.2078	1.425377	1.390803	0.644121	0.355879	4.537422
6858	-2675.201	-3294.088	618.8872	1.465188	1.300437	0.748581	0.251419	5.290726
6864	-2659.192	-3279.153	619.9607	1.713633	1.668528	0.719836	0.280164	4.400981
6870	-2661.655	-3280.915	619.26	1.622001	1.761717	0.652743	0.347257	4.810857
6876	-2672.058	-3292.764	620.7058	1.578377	1.227328	0.590421	0.409579	4.245368
6882	-2670.879	-3290.284	619.4052	1.523857	1.268715	0.693507	0.306493	4.985812
6888	-2663.424	-3283.988	620.5639	1.64872	1.149216	0.6543	0.3457	4.324698
6894	-2672.115	-3292.425	620.3104	1.594752	1.272131	0.560222	0.439778	4.43818
6900	-2686.221	-3307.357	621.1358	1.895179	1.905462	0.587234	0.412766	3.537444
6906	-2667.947	-3289.003	621.0555	1.895179	1.761805	0.686004	0.313996	3.63654
6912	-2666.858	-3287.999	621.141	1.624346	1.397879	0.714327	0.285673	3.891893
6918	-2663.606	-3284.114	620.5076	1.599875	1.205917	0.652474	0.347526	4.355765
6924	-2680.617	-3301.228	620.6114	1.483925	1.220064	0.645719	0.354281	4.355765
6930	-2664.068	-3283.961	619.8932	1.492263	1.430116	0.670837	0.329163	4.659403
6936	-2667.481	-3288.384	620.9036	1.607052	1.413443	0.670837	0.329163	4.030758
6942	-2658.117	-3277.256	619.1391	1.528898	1.422405	0.706666	0.293334	5.06259
6948	-2655.856	-3274.5	618.6438	1.462594	1.618874	0.706666	0.293334	5.294337
6954	-2655.44	-3274.339	618.8985	1.585617	1.729305	0.654086	0.345914	5.044005
6960	-2690.849	-3309.501	618.6512	1.422269	1.12852	0.602806	0.397194	5.52622
6966	-2684.995	-3304.414	619.4192	1.45328	1.385641	0.716571	0.283429	4.964802
6972	-2666.749	-3286.222	619.4723	1.669317	1.552505	0.65072	0.34928	4.745326
6978	-2650.066	-3269.912	619.8457	1.391244	1.431068	0.587797	0.412203	4.742119
6984	-2650.34	-3270.581	620.2405	1.730782	1.794503	0.68367	0.31633	4.186087
6990	-2655.646	-3275.702	620.0554	1.604287	1.552316	0.666352	0.333648	4.454761
6996	-2666.254	-3286.084	619.8303	1.694609	1.749978	0.626773	0.373227	4.454761
7002	-2668.424	-3289.912	621.4876	1.668804	1.253078	0.615128	0.384872	3.734155
7008	-2657.162	-3277.028	619.8665	1.397564	1.566315	0.615128	0.384872	4.671323
7014	-2674.292	-3293.836	619.5444	1.494736	1.717011	0.615128	0.384872	4.739443
7020	-2664.27	-3284.551	620.2809	1.6365	1.395317	0.739939	0.260061	4.375379
7026	-2683.891	-3303.639	619.7476	1.592927	1.89251	0.673451	0.326549	4.507857
7032	-2686.036	-3307.509	621.4728	1.668369	1.409997	0.758623	0.241377	3.669888
7038	-2675.072	-3295.435	620.3635	1.662689	1.251956	0.700707	0.299293	4.379422
7044	-2674.193	-3295.392	621.1987	1.550748	1.217094	0.635185	0.364815	3.985576
7050	-2681.854	-3300.282	618.4276	1.54572	2.276196	0.754379	0.245621	5.148773
7056	-2670.982	-3289.682	618.6996	1.655046	1.64065	0.708353	0.291647	5.148773
7062	-2674.139	-3293.573	619.4343	1.635681	1.455913	0.734857	0.265143	4.824837
7068	-2661.778	-3283.924	622.1461	1.758351	1.288086	0.580697	0.419303	3.280826
7074	-2665.458	-3286.878	621.4199	1.510642	1.079138	0.678988	0.321012	3.953112
7080	-2664.999	-3287.096	622.0975	1.799905	1.33492	0.731341	0.268659	3.26249
7086	-2670.029	-3292.528	622.4988	1.836852	1.381245	0.752241	0.247759	2.979669
7092	-2658.503	-3279.925	621.4213	1.681997	1.519478	0.64675	0.35325	3.644414
7098	-2659.323	-3280.212	620.8891	1.542908	1.570638	0.756273	0.243727	4.009427
7104	-2656.668	-3276.523	619.8543	1.512064	1.546731	0.700929	0.299071	4.621821
7110	-2650.252	-3269.601	619.3497	1.553462	1.692371	0.708751	0.291249	4.824516
7116	-2642.108	-3261.801	619.6935	1.553462	1.523916	0.680952	0.319048	4.697956
7122	-2651.653	-3271.464	619.8108	1.462026	1.444274	0.629773	0.370227	4.71645
7128	-2657.296	-3276.673	619.3766	1.748353	1.750706	0.743258	0.256742	4.679055
7134	-2645.647	-3267.078	621.4313	1.636824	1.377366	0.770195	0.229805	3.726788
7140	-2658.239	-3279.638	621.3994	1.657542	1.377366	0.684316	0.315684	3.733254
7146	-2637.6	-3259.188	621.5873	1.61541	1.123762	0.684316	0.315684	3.772953
7152	-2655.09	-3275.666	620.5766	1.557763	1.490959	0.77182	0.22818	4.211623
7158	-2667.905	-3290.618	622.7125	1.63445	1.023865	0.512578	0.487422	3.159515
7164	-2657.679	-3280.005	622.3251	1.796683	1.273093	0.556975	0.443025	3.159515
7170	-2657.521	-3280.04	622.5188	1.952351	1.104869	0.664482	0.335518	3.039357
7176	-2639.472	-3260.866	621.3935	1.67551	1.646105	0.671605	0.328395	3.612544
7182	-2631.632	-3253.362	621.7297	1.685829	1.671004	0.814773	0.185227	3.400596
7188	-2630.424	-3251.624	621.1999	1.873011	1.331913	0.665753	0.334247	3.744892
7194	-2630.168	-3251.97	621.8024	1.926255	1.370411	0.678101	0.321899	3.345271
7200	-2648.008	-3267.251	619.2426	1.655333	1.89553	0.678101	0.321899	4.7549
7206	-2649.833	-3271.476	621.643	1.621342	1.531674	0.748458	0.251542	3.545764
7212	-2648.031	-3269.444	621.413	1.732495	1.186263	0.705604	0.294396	3.773623
7218	-2627.309	-3248.677	621.368	1.738938	1.230773	0.76993	0.23007	3.773623
7224	-2647.267	-3268.715	621.4484	1.72065	1.302201	0.659098	0.340902	3.703312
7230	-2647.09	-3268.497	621.4066	1.644321	1.510205	0.722844	0.277156	3.678638
7236	-2640.84	-3260.484	619.6439	1.640969	1.850754	0.662514	0.337486	4.553614
7242	-2626.442	-3246.209	619.7676	1.596405	1.365174	0.728735	0.271265	4.699607
7248	-2641.95	-3260.437	618.4869	1.376274	1.588245	0.738477	0.261523	5.440202
7254	-2650.001	-3269.358	619.3569	1.52929	1.327336	0.696038	0.303962	4.982882
7260	-2654.257	-3275.431	621.1743	1.730288	1.327336	0.696038	0.303962	3.843918
7266	-2650.33	-3271.121	620.7912	1.653029	1.286733	0.657892	0.342108	4.126093
7272	-2627.199	-3247.109	619.9101	1.703235	1.687497	0.657892	0.342108	4.428193
7278	-2640.725	-3260.816	620.091	1.55744	1.635668	0.757366	0.242634	4.428193
7284	-2641.6	-3262.591	620.9914	1.535139	1.229758	0.783908	0.216092	4.106506
7290	-2645.559	-3266.661	621.1012	1.602863	1.441319	0.679634	0.320366	3.907946
7296	-2659.8	-3280.711	620.9113	1.638048	1.340008	0.78094	0.21906	4.041525
7302	-2661.012	-3281.274	620.2628	1.573629	1.480702	0.689189	0.310811	4.384526
7308	-2661.174	-3281.97	620.7958	1.56272	1.038792	0.689189	0.310811	4.300562
7314	-2659.49	-3279.994	620.5044	1.739596	1.514251	0.67395	0.32605	4.13966
7320	-2668.343	-3289.672	621.3295	1.770228	1.366018	0.613212	0.386788	3.713703
7326	-2672.643	-3294.336	621.693	1.674991	1.46071	0.57211	0.42789	3.515777
7332	-2683.308	-3306.294	622.9866	1.668158	1.17878	0.633488	0.366512	2.88867
7338	-2689.733	-3310.238	620.5058	1.548753	1.214924	0.645574	0.354426	4.38124
7344	-2658.261	-3278.54	620.2788	1.763615	1.85556	0.688559	0.311441	4.123781
7350	-2671.06	-3290.881	619.8211	1.578578	1.705092	0.647143	0.352857	4.541807
7356	-2677.546	-3297.377	619.8316	1.653252	1.947771	0.616931	0.383069	4.407738
7362	-2650.307	-3271.415	621.1086	1.6384	1.684398	0.719509	0.280491	3.78375
7368	-2644.11	-3265.062	620.9521	1.450861	1.11423	0.609541	0.390459	4.235003
7374	-2656.411	-3277.457	621.0462	1.738927	1.265989	0.769681	0.230319	3.941367
7380	-2660.227	-3281.713	621.4863	1.604438	1.265989	0.803953	0.196047	3.765806
7386	-2646.888	-3268.282	621.3931	1.687408	1.363077	0.719928	0.280072	3.726126
7392	-2662.114	-3283.949	621.8348	1.721192	1.586205	0.719928	0.280072	3.352435
7398	-2650.271	-3269.343	619.0725	1.584682	1.748504	0.680306	0.319694	4.940854
7404	-2675.428	-3295.549	620.1202	1.666857	1.683231	0.685161	0.314839	4.331707
7410	-2662.463	-3283.24	620.7767	1.669024	1.603204	0.693812	0.306188	3.988497
7416	-2662.114	-3282.918	620.8035	1.83233	1.845569	0.688646	0.311354	3.787701
7422	-2645.941	-3266.597	620.6564	1.572564	1.552248	0.767708	0.232292	4.132605
7428	-2664.413	-3284.701	620.2884	1.575221	1.411876	0.711074	0.288926	4.398513
7434	-2649.191	-3269.341	620.1497	1.586694	1.100184	0.711074	0.288926	4.618062
7440	-2661.136	-3281.015	619.8788	1.481465	1.224977	0.739462	0.260538	4.766169
7446	-2677.388	-3295.775	618.3867	1.431159	1.248443	0.677819	0.322181	5.608771
7452	-2661.286	-3281.975	620.6892	1.625871	1.269014	0.60665	0.39335	4.207842
7458	-2664.314	-3285.704	621.3904	1.654616	1.636986	0.60665	0.39335	3.630102
7464	-2658.05	-3278.165	620.115	1.550522	1.446292	0.759569	0.240431	4.495331
7470	-2678.561	-3299.247	620.6859	1.579389	1.264327	0.670196	0.329804	4.238314
7476	-2689.143	-3308.718	619.5752	1.645116	1.599385	0.658416	0.341584	4.682752
7482	-2678.275	-3297.468	619.1934	1.4294	1.504929	0.629624	0.370376	5.053385
7488	-2677.498	-3298.292	620.7937	1.618477	1.513136	0.689637	0.310363	4.044364
7494	-2664.828	-3286.413	621.5849	1.889414	1.479335	0.707492	0.292508	3.44557
7500	-2657.992	-3278.507	620.5148	1.539185	1.319387	0.672994	0.327006	4.332264
7506	-2676.813	-3298.477	621.6638	1.705596	1.100357	0.661872	0.338128	3.68918
7512	-2659.857	-3281.151	621.2931	1.724924	1.215765	0.646737	0.353263	3.832199
7518	-2657.595	-3277.755	620.1596	1.515043	1.162134	0.729828	0.270172	4.621005
7524	-2687.235	-3306.988	619.753	1.664284	1.296427	0.669664	0.330336	4.700792
7530	-2687.438	-3307.229	619.7915	1.482663	1.296427	0.812293	0.187707	4.780798
7536	-2679.21	-3299.314	620.1035	1.488432	1.159845	0.747857	0.252143	4.668521
7542	-2680.47	-3300.615	620.1454	1.570116	1.451328	0.766511	0.233489	4.465051
7548	-2670.183	-3289.303	619.1196	1.394505	1.361782	0.738075	0.261925	5.17398
7554	-2686.474	-3307.266	620.7917	1.739434	1.633437	0.637121	0.362879	3.92765
7560	-2673.489	-3293.735	620.2456	1.6014	1.639739	0.594087	0.405913	4.314516
7566	-2669.064	-3289.496	620.4316	1.683541	1.617581	0.729154	0.270846	4.171175
7572	-2651.396	-3272.163	620.7668	1.594149	1.291632	0.781357	0.218643	4.171175
7578	-2643.757	-3264.595	620.8377	1.753431	1.57524	0.663819	0.336181	3.916504
7584	-2648.413	-3269.022	620.6084	1.589374	1.527348	0.7238	0.2762	4.160533
7590	-2639.48	-3259.205	619.7248	1.651194	1.387898	0.7238	0.2762	4.682912
7596	-2660.698	-3279.609	618.9109	1.280032	1.620701	0.626172	0.373828	5.246923
7602	-2656.825	-3276.82	619.9949	1.495195	1.274915	0.649798	0.350202	4.669968
7608	-2667.884	-3287.651	619.767	1.466906	1.684385	0.620393	0.379607	4.642599
7614	-2671.943	-3292.59	620.6478	1.449808	1.458916	0.737855	0.262145	4.246034
7620	-2656.941	-3276.973	620.0318	1.569856	1.165863	0.526365	0.473635	4.660087
7626	-2656.432	-3278.363	621.9307	1.724473	0.9383037	0.697144	0.302856	3.616334
7632	-2660.214	-3280.82	620.6064	1.541229	1.249292	0.667314	0.332686	4.312071
7638	-2636.448	-3257.839	621.3913	1.807021	1.185141	0.743463	0.256537	3.743741
7644	-2647.411	-3268.869	621.4589	1.749685	1.318469	0.698946	0.301054	3.672762
7650	-2650.908	-3272.394	621.4857	1.725368	1.148157	0.684453	0.315547	3.755349
7656	-2661.16	-3282.246	621.0856	1.725368	1.396399	0.707408	0.292592	3.866355
7662	-2646.491	-3267.96	621.4683	1.65699	1.111296	0.711686	0.288314	3.824163
7668	-2640.757	-3262.054	621.2971	1.755287	1.562527	0.680565	0.319435	3.655943
7674	-2658.289	-3279.152	620.8635	1.676759	1.229652	0.57038	0.42962	4.098739
7680	-2663.917	-3285.3	621.3826	1.813539	1.229652	0.592922	0.407078	3.722702
7686	-2642.46	-3263.929	621.4691	1.809927	1.287912	0.584427	0.415573	3.646421
7692	-2646.96	-3268.868	621.9075	1.665083	1.431367	0.758072	0.241928	3.409161
7698	-2634.176	-3254.636	620.4597	1.444188	1.31393	0.635138	0.364862	4.419461
7704	-2648.791	-3267.953	619.1621	1.463009	1.34719	0.705988	0.294012	5.118922
7710	-2643.843	-3263.152	619.3087	1.412916	1.18622	0.654643	0.345357	5.140078
7716	-2666.357	-3285.77	619.4128	1.520049	1.339008	0.729171	0.270829	4.951729
7722	-2660.222	-3278.942	618.7204	1.475119	1.206	0.684123	0.315877	5.421128
7728	-2650.39	-3269.948	619.5586	1.45497	1.507374	0.723327	0.276673	4.835053
7734	-2647.949	-3268.84	620.8914	1.59621	1.35162	0.578059	0.421941	4.071468
7740	-2668.948	-3291.132	622.184	1.43507	1.595053	0.726413	0.273587	3.311711
7746	-2674.01	-3294.864	620.8546	1.45933	1.040058	0.744414	0.255586	4.325087
7752	-2688.266	-3308.218	619.9523	1.598152	1.574292	0.672575	0.327425	4.507459
7758	-2677.885	-3297.993	620.1079	1.645295	1.446531	0.673604	0.326396	4.445894
7764	-2671.772	-3291.06	619.2885	1.51213	1.500315	0.683884	0.316116	4.956488
7770	-2668.764	-3288.903	620.1392	1.572653	1.386708	0.774185	0.225815	4.495005
7776	-2665.599	-3287.048	621.4484	1.58361	1.372129	0.643693	0.356307	3.75002
7782	-2666.524	-3287.137	620.6131	1.583382	1.271431	0.622336	0.377664	4.273954
7788	-2630.652	-3251.501	620.8492	1.539038	1.380377	0.798852	0.201148	4.115141
7794	-2646.961	-3266.497	619.5358	1.458928	1.073095	0.647817	0.352183	5.045904
7800	-2638.728	-3261.259	622.5311	1.645339	1.020174	0.703806	0.296194	3.262624
7806	-2652.64	-3273.251	620.6105	1.567721	1.181748	0.727064	0.272936	4.327776
7812	-2665.068	-3285.69	620.6218	1.376698	0.8331689	0.673157	0.326843	4.625308
7818	-2659.875	-3280.048	620.1724	1.659435	0.9883362	0.653278	0.346722	4.625308
7824	-2653.376	-3273.91	620.5336	1.591191	1.162229	0.787686	0.212314	4.367705
7830	-2647.527	-3269.091	621.5639	1.594521	1.196376	0.643901	0.356099	3.761041
7836	-2653.033	-3273.725	620.6917	1.623997	1.800371	0.671237	0.328763	3.98774
7842	-2639.359	-3261.621	622.2619	1.439985	1.736771	0.745626	0.254374	3.206135
7848	-2640.836	-3263.264	622.4278	1.468307	1.91716	0.73548	0.26452	3.022682
7854	-2646.173	-3266.429	620.2559	1.595839	1.64106	0.711259	0.288741	4.311357
7860	-2648.882	-3270.637	621.7549	1.717862	1.78971	0.711259	0.288741	3.321148
7866	-2639.134	-3259.933	620.799	1.68981	1.826076	0.624766	0.375234	3.879232
7872	-2641.712	-3262.258	620.5468	1.623014	1.491574	0.583846	0.416154	4.19127
7878	-2653.14	-3272.165	619.0247	1.473762	1.862835	0.754618	0.245382	4.988698
7884	-2665.922	-3286.374	620.4522	1.523088	1.277556	0.69957	0.30043	4.396081
7890	-2693.369	-3314.894	621.5244	1.637795	1.195018	0.683437	0.316563	3.759552
7896	-2680.271	-3301.388	621.1175	1.638337	1.47306	0.696695	0.303305	3.864542
7902	-2658.78	-3280.783	622.0025	1.736077	1.349575	0.700263	0.299737	3.349129
7908	-2666.918	-3290.01	623.0917	1.939502	1.236949	0.652236	0.347764	2.627957
7914	-2657.417	-3279.292	621.8753	1.580055	1.507404	0.732375	0.267625	3.444561
7920	-2652.278	-3273.772	621.4942	1.691076	1.019795	0.697267	0.302733	3.839865
7926	-2655.29	-3276.361	621.0711	1.645637	1.31601	0.523923	0.476077	3.956941
7932	-2638.831	-3259.517	620.686	1.641489	1.452098	0.726087	0.273913	4.118354
7938	-2667.631	-3287.54	619.9088	1.588672	1.452098	0.661764	0.338236	4.587282
7944	-2656.088	-3277.159	621.0714	1.593671	1.420995	0.56399	0.43601	3.939163
7950	-2656.932	-3278.388	621.4564	1.465515	1.091852	0.703088	0.296912	3.951208
7956	-2668.505	-3289.843	621.3377	1.61806	1.516922	0.738691	0.261309	3.730826
7962	-2652.458	-3273.012	620.5539	1.720277	1.718357	0.754236	0.245764	4.041857
7968	-2656.418	-3276.142	619.7247	1.4771	1.682719	0.633245	0.366755	4.661191
7974	-2654.545	-3274.291	619.746	1.576659	1.224277	0.669391	0.330609	4.787538
7980	-2655.225	-3275.768	620.5432	1.576659	1.906148	0.631958	0.368042	4.061954
7986	-2648.451	-3268.216	619.7647	1.524932	1.269342	0.64232	0.35768	4.784686
7992	-2665.076	-3282.84	617.7642	1.469132	1.424715	0.64232	0.35768	5.85146
7998	-2659.741	-3280.643	620.9021	1.695699	1.407061	0.64232	0.35768	3.98374
8004	-2662.234	-3283.277	621.0431	1.645722	1.54857	0.658529	0.341471	3.871356
8010	-2645.894	-3266.798	620.904	1.638371	1.896446	0.763078	0.236922	3.823398
8016	-2659.105	-3278.285	619.1807	1.473022	1.446874	0.645708	0.354292	5.060199
8022	-2667.802	-3287.251	619.4491	1.51151	1.685998	0.59858	0.40142	4.794837
8028	-2673.403	-3292.337	618.9339	1.515831	1.758301	0.63821	0.36179	5.052575
8034	-2668.15	-3287.806	619.656	1.508018	1.347076	0.613396	0.386604	4.819367
8040	-2682.284	-3302.603	620.3183	1.633627	2.010173	0.742401	0.257599	4.12223
8046	-2681.341	-3302.383	621.0423	1.665123	0.9874219	0.734441	0.265559	4.131525
8052	-2685.873	-3307.165	621.292	1.746267	1.680468	0.736626	0.263374	3.616863
8058	-2687.126	-3307.906	620.7805	1.791393	1.680468	0.643952	0.356048	3.885951
8064	-2686.272	-3307.464	621.1914	1.644255	1.153256	0.628176	0.371824	3.968369
8070	-2689.415	-3310.676	621.2612	1.665406	1.199807	0.61539	0.38461	3.892703
8076	-2674.923	-3295.773	620.8504	1.649686	1.586425	0.661456	0.338544	3.96411
8082	-2657.575	-3278.619	621.0439	1.572335	1.360516	0.726968	0.273032	3.994012
8088	-2664.913	-3284.557	619.6447	1.513609	1.339294	0.603494	0.396506	4.826032
8094	-2658.402	-3279.415	621.0126	1.598316	1.357115	0.657391	0.342609	3.998585
8100	-2658.003	-3279.015	621.0127	1.684746	1.260828	0.702471	0.297529	3.994044
8106	-2664.695	-3283.487	618.792	1.404932	1.538041	0.702471	0.297529	5.275833
8112	-2656.036	-3276.41	620.3736	1.532734	1.372251	0.666678	0.333322	4.39179
8118	-2652.836	-3274.188	621.3525	1.672002	1.128199	0.696715	0.303285	3.87314
8124	-2658.963	-3278.294	619.3304	1.540298	1.472067	0.689025	0.310975	4.92913
8130	-2660.899	-3282.549	621.6502	1.684018	1.52135	0.723161	0.276839	3.509417
8136	-2674.058	-3293.919	619.8603	1.541981	1.246167	0.739304	0.260696	4.732619
8142	-2663.294	-3283.379	620.0845	1.596927	1.676549	0.691054	0.308946	4.393909
8148	-2663.584	-3284.133	620.5495	1.585694	1.740319	0.691054	0.308946	4.112829
8154	-2640.536	-3261.225	620.6894	1.557669	1.575732	0.715199	0.284801	4.112829
8160	-2643.68	-3264.036	620.3564	1.516066	2.179832	0.68576	0.31424	4.112829
8166	-2644.915	-3265.05	620.1352	1.645786	1.466501	0.615675	0.384325	4.421736
8172	-2611.608	-3233.053	621.4444	1.574733	1.466501	0.682896	0.317104	3.715679
8178	-2641.824	-3262.411	620.5872	1.660598	1.436347	0.740086	0.259914	4.170433
8184	-2666.012	-3286.804	620.7925	1.771645	1.782744	0.752667	0.247333	3.851813
8190	-2665.929	-3285.832	619.903	1.458848	1.590869	0.626472	0.373528	4.606802
8196	-2654.834	-3276.212	621.3777	1.538612	1.132874	0.744541	0.255459	3.932719
8202	-2647.702	-3269.033	621.3307	1.713739	1.318251	0.596244	0.403756	3.767654
8208	-2645.105	-3266.643	621.5377	1.638738	1.308181	0.680429	0.319571	3.69621
8214	-2652.386	-3273.442	621.0554	1.615183	1.308181	0.680429	0.319571	3.986996
8220	-2665.887	-3284.768	618.8807	1.523143	1.614235	0.587156	0.412844	5.131629
8226	-2666.929	-3286.69	619.7612	1.501619	1.331752	0.74465	0.25535	4.771093
8232	-2650.877	-3270.503	619.6266	1.463244	1.560442	0.819697	0.180303	4.771093
8238	-2659.705	-3279.77	620.0648	1.481217	1.651923	0.776809	0.223191	4.47965
8244	-2681.102	-3301.159	620.0576	1.522389	1.491754	0.677628	0.322372	4.524329
8250	-2675.926	-3295.98	620.0548	1.461151	1.452093	0.652178	0.347822	4.576908
8256	-2670.231	-3290.151	619.9198	1.474399	1.93383	0.718645	0.281355	4.463518
8262	-2671.077	-3292.165	621.0873	1.833709	1.695671	0.70225	0.29775	3.678928
8268	-2659.841	-3281.767	621.9261	1.829817	1.438536	0.660544	0.339456	3.298228
8274	-2669.171	-3290.775	621.6039	1.819663	1.650013	0.694681	0.305319	3.404234
8280	-2653.014	-3273.496	620.4817	1.676004	1.662379	0.739327	0.260673	4.129543
8286	-2658.723	-3279.876	621.1529	1.733955	1.513928	0.739327	0.260673	3.77182
8292	-2689.597	-3310.354	620.7571	1.771187	1.707964	0.717846	0.282154	3.900395
8298	-2672.501	-3294.401	621.8996	1.78476	1.167701	0.64821	0.35179	3.470511
8304	-2668.732	-3290.02	621.2876	1.67623	1.263905	0.598198	0.401802	3.839879
8310	-2687.173	-3309.333	622.1604	1.537877	1.242005	0.673433	0.326567	3.424637
8316	-2669.143	-3292.099	622.9563	1.623591	1.164563	0.673433	0.326567	2.941453
8322	-2678.573	-3301.513	622.9397	1.615492	1.154413	0.705883	0.294117	2.961786
8328	-2695.636	-3316.256	620.6204	1.478628	1.085631	0.598191	0.401809	4.421846
8334	-2685.122	-3306.336	621.2145	1.726388	1.545823	0.721278	0.278722	3.727353
8340	-2673.644	-3295.947	622.303	1.846437	1.413155	0.734127	0.265873	3.076343
8346	-2667.18	-3289.524	622.3444	1.926176	1.351408	0.72436	0.27564	3.032787
8352	-2680.705	-3302.562	621.8574	1.819184	1.286593	0.614867	0.385133	3.415488
8358	-2676.959	-3299.006	622.0466	1.811036	1.76164	0.698307	0.301693	3.103966
8364	-2658.61	-3278.268	619.6572	1.363959	1.957955	0.63918	0.36082	4.664867
8370	-2652.654	-3272.125	619.4707	1.522869	1.517938	0.659206	0.340794	4.841908
8376	-2649.656	-3269.97	620.314	1.775608	1.496353	0.702981	0.297019	4.234765
8382	-2654.849	-3276.506	621.6563	1.737247	1.340726	0.695364	0.304636	3.554999
8388	-2649.437	-3270.159	620.7221	1.573839	1.283834	0.771524	0.228476	4.211737
8394	-2660.905	-3281.198	620.2933	1.581774	1.283834	0.771524	0.228476	4.449604
8400	-2673.2	-3293.485	620.285	1.562345	1.546987	0.644346	0.355654	4.351064
8406	-2679.272	-3299.378	620.106	1.608896	1.74052	0.733684	0.266316	4.351064
8412	-2655.377	-3276.031	620.6545	1.480748	1.573731	0.685109	0.314891	4.177219
8418	-2654.113	-3273.992	619.8793	1.647532	1.554108	0.78519	0.21481	4.528794
8424	-2655.045	-3276.042	620.9973	1.644567	1.38497	0.717519	0.282481	3.968371
8430	-2676.333	-3296.371	620.0377	1.702422	1.338015	0.691832	0.308168	4.500753
8436	-2673.794	-3295.67	621.8758	1.699484	1.411117	0.698374	0.301626	3.416658
8442	-2689.135	-3309.974	620.8396	1.682674	1.266844	0.698374	0.301626	4.091108
8448	-2691.459	-3311.76	620.3011	1.529483	1.641788	0.728282	0.271718	4.323019
8454	-2662.784	-3282.496	619.7124	1.518104	1.496458	0.719337	0.280663	4.718336
8460	-2675.781	-3297.828	622.0472	1.560991	1.798371	0.649947	0.350053	3.237992
8466	-2672.904	-3292.057	619.1526	1.669552	1.690196	0.691978	0.308022	4.870464
8472	-2671.711	-3290.938	619.2272	1.507493	1.414923	0.64977	0.35023	5.028778
8478	-2672.075	-3291.437	619.3624	1.624874	1.669503	0.770036	0.229964	4.786145
8484	-2664.471	-3284.291	619.8193	1.643472	1.564693	0.659275	0.340725	4.560556
8490	-2665.58	-3285.664	620.0848	1.62983	1.4947	0.60888	0.39112	4.447393
8496	-2672.109	-3291.425	619.3157	1.39939	1.4947	0.62649	0.37351	5.006331
8502	-2643.1	-3262.318	619.2175	1.652721	1.916971	0.732145	0.267855	4.763091
8508	-2659.336	-3276.783	617.4462	1.489398	1.916971	0.750706	0.249294	5.831578
8514	-2644.881	-3262.988	618.1072	1.350129	1.878488	0.774141	0.225859	5.558487
8520	-2643.232	-3263.103	619.8716	1.624848	1.691492	0.720478	0.279522	4.49252
8526	-2637.603	-3258.124	620.5212	1.754029	1.691492	0.653412	0.346588	4.051423
8532	-2680.447	-3300.527	620.08	1.548111	1.74829	0.680889	0.319111	4.39717
8538	-2668.893	-3289.831	620.9376	1.907776	2.285494	0.68781	0.31219	3.520149
8544	-2656.588	-3277.681	621.0936	1.828968	2.142973	0.676805	0.323195	3.520149
8550	-2661.979	-3283.522	621.5432	1.658359	1.7138	0.610369	0.389631	3.508987
8556	-2665.245	-3286.994	621.7491	1.68914	1.794122	0.703666	0.296334	3.339827
8562	-2645.96	-3266.852	620.8923	1.763566	1.794122	0.726179	0.273821	3.794876
8568	-2640.804	-3263.558	622.7538	1.694453	1.286532	0.733335	0.266665	2.957734
8574	-2651.79	-3275.183	623.3933	1.589798	1.255006	0.644699	0.355301	2.648188
8580	-2662.301	-3285.701	623.3996	1.643434	1.236787	0.644699	0.355301	2.620717
8586	-2654.077	-3276.681	622.6036	1.459839	0.9353941	0.650161	0.349839	3.3799
8592	-2652.658	-3274.024	621.3658	1.536651	1.441066	0.665401	0.334599	3.794056
8598	-2661.844	-3283.84	621.9955	1.684001	1.820624	0.759417	0.240583	3.18742
8604	-2706.615	-3327.928	621.3128	1.784323	1.428455	0.709956	0.290044	3.687228
8610	-2663.288	-3287.482	624.1944	2.042812	1.323902	0.66161	0.33839	1.799554
8616	-2665.145	-3289.297	624.1522	2.041852	1.441673	0.783265	0.216735	1.76552
8622	-2669.146	-3290.141	620.9953	1.723154	1.479306	0.68737	0.31263	3.883332
8628	-2668.939	-3289.89	620.951	1.960261	1.378916	0.701431	0.298569	3.816534
8634	-2688.841	-3310.52	621.6788	1.746177	1.297614	0.639966	0.360034	3.557063
8640	-2681.284	-3302.977	621.6926	1.853982	1.566944	0.740268	0.259732	3.365979
8646	-2666.3	-3287.597	621.2964	1.855405	1.532698	0.700426	0.299574	3.610715
8652	-2651.105	-3272.941	621.8368	1.972199	1.832392	0.655719	0.344281	3.105997
8658	-2656.117	-3277.048	620.9304	1.967565	1.871835	0.712553	0.287447	3.62677
8664	-2657.143	-3277.973	620.8299	1.81665	2.078372	0.712553	0.287447	3.701444
8670	-2708.632	-3330.058	621.4261	1.6788	1.33194	0.639857	0.360143	3.726413
8676	-2679.787	-3300.565	620.7779	1.643023	1.501689	0.749554	0.250446	4.044122
8682	-2677.926	-3299.669	621.743	1.767886	1.276616	0.593341	0.406659	3.51714
8688	-2665.563	-3287.643	622.0798	1.761494	1.15581	0.715755	0.284245	3.384878
8694	-2666.32	-3287.105	620.7846	1.516022	1.577747	0.573988	0.426012	4.081539
8700	-2696.038	-3314.866	618.8284	1.402894	1.318566	0.57981	0.42019	5.349399
8706	-2682.157	-3302.292	620.1351	1.371896	1.420572	0.616757	0.383243	4.59536
8712	-2652.51	-3273.034	620.524	1.759767	1.420572	0.69145	0.30855	4.156851
8718	-2659.017	-3278.84	619.8223	1.513857	1.479089	0.712401	0.287599	4.666435
8724	-2662.53	-3282.648	620.1179	1.566196	1.452088	0.712401	0.287599	4.482442
8730	-2660.56	-3281.968	621.4085	1.696112	1.366086	0.72692	0.27308	3.710836
8736	-2667.663	-3287.524	619.8611	1.658086	2.37172	0.704673	0.295327	4.255674
8742	-2662.519	-3282.702	620.1833	1.534984	1.182069	0.704673	0.295327	4.586654
8748	-2660.008	-3281.949	621.9416	1.716762	1.069814	0.704673	0.295327	3.538188
8754	-2665.024	-3287.056	622.0315	1.87011	1.572238	0.682878	0.317122	3.154084
8760	-2650.094	-3272.267	622.1735	1.797568	1.343277	0.69709	0.30291	3.214945
8766	-2667.143	-3288.59	621.4478	1.85388	1.308207	0.69932	0.30068	3.62362
8772	-2655.968	-3277.472	621.5041	1.794473	1.308207	0.714811	0.285189	3.625464
8778	-2659.464	-3281.625	622.1607	1.777346	1.49918	0.745573	0.254427	3.163745
8784	-2655.384	-3276.81	621.4256	1.738047	1.49918	0.673946	0.326054	3.618036
8790	-2656.269	-3278.082	621.8129	1.889649	1.49918	0.654295	0.345705	3.303036
8796	-2655.602	-3277.634	622.0319	1.758986	1.384204	0.725656	0.274344	3.302301
8802	-2661.499	-3283.481	621.9825	1.715944	1.506462	0.604447	0.395553	3.302301
8808	-2663.309	-3284.901	621.5921	1.720015	1.237363	0.604447	0.395553	3.651788
8814	-2676.786	-3298.981	622.1942	1.718778	0.9575341	0.68512	0.31488	3.454542
8820	-2664.974	-3286.52	621.5465	1.652319	1.238122	0.739316	0.260684	3.717002
8826	-2659.838	-3281.302	621.4644	1.602161	1.260862	0.701267	0.298733	3.782203
8832	-2656.572	-3277.842	621.2704	1.730714	1.774687	0.701267	0.298733	3.602482
8838	-2671.165	-3291.766	620.6019	1.640732	1.662085	0.701267	0.298733	4.081331
8844	-2650.733	-3270.37	619.637	1.354731	1.330751	0.735367	0.264633	4.92265
8850	-2667.672	-3287.356	619.6843	1.564674	1.650201	0.779292	0.220708	4.647064
8856	-2657.75	-3277.2	619.45	1.474592	1.735752	0.666679	0.333321	4.796482
8862	-2649.59	-3270.012	620.4228	1.65343	1.479508	0.635758	0.364242	4.249394
8868	-2634.105	-3254.454	620.349	1.550122	1.681661	0.684473	0.315527	4.268948
8874	-2644.586	-3264.234	619.6479	1.566995	1.482615	0.750582	0.249418	4.732816
8880	-2641.166	-3261.119	619.9521	1.429623	1.335558	0.68416	0.31584	4.702919
8886	-2644.637	-3264.794	620.1571	1.698732	1.47669	0.600278	0.399722	4.375245
8892	-2645.942	-3266.78	620.8377	1.630433	1.434369	0.660197	0.339803	4.045869
8898	-2671.113	-3292.077	620.964	1.643594	1.42307	0.710444	0.289556	3.971141
8904	-2665.965	-3286.891	620.926	1.561388	1.426187	0.583849	0.416151	4.038461
8910	-2659.075	-3280.05	620.9754	1.698854	1.474837	0.601296	0.398704	3.910609
8916	-2659.172	-3280.05	620.8788	1.768802	1.501711	0.726618	0.273382	3.914472
8922	-2681.118	-3301.548	620.4298	1.49464	1.921335	0.761031	0.238969	4.167935
8928	-2661.454	-3281.981	620.5275	1.748082	1.908139	0.705182	0.294818	3.972331
8934	-2668.518	-3289.992	621.4745	1.774056	1.432824	0.613533	0.386467	3.597522
8940	-2666.049	-3287.754	621.7054	1.774085	1.509811	0.665615	0.334385	3.429448
8946	-2662.936	-3285.356	622.4204	1.787303	1.201177	0.626172	0.373828	3.144895
8952	-2653.462	-3273.399	619.9373	1.546559	1.488647	0.769899	0.230101	4.579658
8958	-2667.387	-3287.021	619.6338	1.582989	1.677922	0.613762	0.386238	4.654583
8964	-2664.815	-3286.876	622.0607	1.707117	1.126606	0.647504	0.352496	3.443437
8970	-2655.696	-3277.836	622.141	1.887093	1.360605	0.599122	0.400878	3.173011
8976	-2670.816	-3293.204	622.3881	1.935773	1.558279	0.677715	0.322285	2.907152
8982	-2683.86	-3306.982	623.1224	1.618149	1.071612	0.618118	0.381882	2.896115
8988	-2684.664	-3308.308	623.644	1.700456	1.260471	0.566027	0.433973	2.420185
8994	-2693.684	-3316.05	622.3653	1.992857	1.348797	0.639046	0.360954	2.981537
9000	-2686.906	-3306.815	619.909	1.563209	1.46821	0.694523	0.305477	4.594675
9006	-2679.787	-3301.001	621.214	1.761485	1.557394	0.662727	0.337273	3.702578
9012	-2680.434	-3302.214	621.7793	1.633862	1.182876	0.747581	0.252419	3.620568
9018	-2656.494	-3278.046	621.5524	1.775938	1.618268	0.703719	0.296281	3.472727
9024	-2663.366	-3287.573	624.2076	1.756676	1.058096	0.748538	0.251462	2.139224
9030	-2671.155	-3294.35	623.1948	1.771213	1.303139	0.754772	0.245228	2.63406
9036	-2667.409	-3291.092	623.6826	1.773249	1.380065	0.748129	0.251871	2.287958
9042	-2676.856	-3299.534	622.6785	1.744861	1.219835	0.613876	0.386124	3.006474
9048	-2671.716	-3293.745	622.0285	1.603262	1.212482	0.695856	0.304144	3.478325
9054	-2645.153	-3265.569	620.4163	1.696384	1.589411	0.772659	0.227341	4.183722
9060	-2638.846	-3260.396	621.5508	1.832262	1.3056	0.604457	0.395543	3.577638
9066	-2661.842	-3281.958	620.1161	1.711778	1.574354	0.620097	0.379903	4.351042
9072	-2664.779	-3285.123	620.3439	1.590372	1.429472	0.616466	0.383534	4.351042
9078	-2684.512	-3304.14	619.6277	1.570861	1.628277	0.631489	0.368511	4.683728
9084	-2680.281	-3301.62	621.3389	1.764017	1.357338	0.550543	0.449457	3.715859
9090	-2656.134	-3276.533	620.3985	1.764017	1.32484	0.729251	0.270749	4.268358
9096	-2654.268	-3274.937	620.6691	1.594325	1.71414	0.693659	0.306341	4.049556
9102	-2658.702	-3279.649	620.9469	1.638234	1.619499	0.623431	0.376569	3.902214
9108	-2665.1	-3286.763	621.6628	1.691852	1.260476	0.700867	0.299133	3.615852
9114	-2656.108	-3278.057	621.9491	1.708122	1.213059	0.667988	0.332012	3.463151
9120	-2660.903	-3280.056	619.1534	1.454726	1.843757	0.723613	0.276387	4.934317
9126	-2660.788	-3280.731	619.9427	1.572381	1.789009	0.603849	0.396151	4.446105
9132	-2646.989	-3266.726	619.7371	1.561293	1.573137	0.603849	0.396151	4.649401
9138	-2645.091	-3266.086	620.9952	1.593459	1.46603	0.709539	0.290461	3.963399
9144	-2646.849	-3267.286	620.437	1.652194	2.127797	0.709539	0.290461	4.005689
9150	-2642.222	-3264.017	621.7951	1.698808	1.563584	0.754537	0.245463	3.398275
9156	-2657.481	-3277.341	619.8599	1.547392	2.023991	0.712688	0.287312	4.426077
9162	-2657.835	-3278.297	620.4628	1.653728	1.220211	0.642805	0.357195	4.343681
9168	-2654.928	-3275.264	620.3356	1.580309	1.297465	0.743902	0.256098	4.420286
9174	-2655.339	-3275.978	620.638	1.627525	1.569359	0.715848	0.284152	4.104856
9180	-2647.228	-3267.965	620.7372	1.708994	1.330058	0.700486	0.299514	4.104856
9186	-2638.533	-3259.816	621.2833	1.720126	1.463646	0.676729	0.323271	3.725977
9192	-2649.182	-3270.163	620.9812	1.505461	1.227197	0.687113	0.312887	4.130448
9198	-2661.526	-3281.157	619.6304	1.54214	1.275109	0.701957	0.298043	4.84731
9204	-2658.137	-3277.859	619.7222	1.563309	1.275109	0.733436	0.266564	4.78431
9210	-2641.323	-3261.299	619.9758	1.468106	1.140558	0.689627	0.310373	4.761044
9216	-2675.092	-3294.961	619.8689	1.484011	1.368369	0.640555	0.359445	4.7044
9222	-2655.912	-3274.892	618.9805	1.536161	1.219201	0.695044	0.304956	5.237642
9228	-2659.308	-3279.812	620.5042	1.536634	1.61488	0.675049	0.324951	4.214442
9234	-2642.573	-3263.261	620.6883	1.646134	1.340885	0.652548	0.347452	4.163502
9240	-2638.748	-3259.276	620.528	1.471689	1.051148	0.668994	0.331006	4.496253
9246	-2645.092	-3266.093	621.0003	1.412815	1.109489	0.608755	0.391245	4.231685
9252	-2651.654	-3273.504	621.8494	1.750659	1.343051	0.688273	0.311727	3.433405
9258	-2654.832	-3276.383	621.5517	1.457927	1.261323	0.612213	0.387787	3.814773
9264	-2642.282	-3264.145	621.8631	1.492603	1.115432	0.569868	0.430132	3.689049
9270	-2692.25	-3311.626	619.3763	1.642977	1.31554	0.785608	0.214392	4.914189
9276	-2671.827	-3291.262	619.4347	1.320704	1.31554	0.597688	0.402312	5.06081
9282	-2666.732	-3286.103	619.3712	1.511196	1.166132	0.561908	0.438092	5.06081
9288	-2670.018	-3290.342	620.3241	1.486494	1.24022	0.614942	0.385058	4.506499
9294	-2670.689	-3289.709	619.0195	1.530176	1.35254	0.662057	0.337943	5.158378
9300	-2669.127	-3289.968	620.8413	1.615964	1.279731	0.733695	0.266305	4.12198
9306	-2660.381	-3281.024	620.6422	1.550521	1.336462	0.725081	0.274919	4.245907
9312	-2656.253	-3275.881	619.6277	1.594838	1.751669	0.714554	0.285446	4.62404
9318	-2627.697	-3249.264	621.5674	1.616539	1.172833	0.627782	0.372218	3.758325
9324	-2640.319	-3260.884	620.5645	1.742163	1.939254	0.707888	0.292112	3.943741
9330	-2646.12	-3265.415	619.2947	1.571119	1.830323	0.721603	0.278397	4.795401
9336	-2651.241	-3270.716	619.4746	1.468308	1.706507	0.699273	0.300727	4.797082
9342	-2634.237	-3255.106	620.8693	1.598029	1.750618	0.674596	0.325404	3.919279
9348	-2634.281	-3253.895	619.6138	1.581822	1.173524	0.632909	0.367091	4.883054
9354	-2657.019	-3278.467	621.4483	1.717097	1.291797	0.681436	0.318564	3.710315
9360	-2643.54	-3265.291	621.7514	1.443316	1.355117	0.719091	0.280909	3.663759
9366	-2654.463	-3276.375	621.9118	1.473131	1.429007	0.691816	0.308184	3.519853
9372	-2663.859	-3284.224	620.3648	1.647684	1.501669	0.750966	0.249034	4.276268
9378	-2670.18	-3290.043	619.8621	1.577466	1.413638	0.750966	0.249034	4.636148
9384	-2668.19	-3290.879	622.6889	1.513917	1.196447	0.764056	0.235944	3.150227
9390	-2670.962	-3292.889	621.9267	1.439963	1.642407	0.713499	0.286501	3.440589
9396	-2675.874	-3296.539	620.6654	1.67207	1.464163	0.756106	0.243894	4.107512
9402	-2679.966	-3300.861	620.8944	1.476366	1.744108	0.703756	0.296244	3.977024
9408	-2665.964	-3285.852	619.8882	1.581305	1.186708	0.57341	0.42659	4.723728
9414	-2638.172	-3259.837	621.6645	1.679359	1.406974	0.671438	0.328562	3.553647
9420	-2667.731	-3289.968	622.2376	1.6742	1.418855	0.59429	0.40571	3.215051
9426	-2655.845	-3276.439	620.5938	1.579621	1.477717	0.734206	0.265794	4.195027
9432	-2658.631	-3279.822	621.1912	1.602129	1.672844	0.548016	0.451984	3.761533
9438	-2660.483	-3281.047	620.564	1.619575	1.29805	0.702814	0.297186	4.268784
9444	-2646.805	-3267.741	620.9354	1.595755	1.473318	0.687328	0.312672	3.993139
9450	-2654.441	-3275.981	621.5401	1.632363	1.473318	0.667687	0.332313	3.624025
9456	-2659.485	-3281.104	621.6191	1.437616	1.157307	0.667687	0.332313	3.839542
9462	-2661.461	-3282.453	620.992	1.55991	1.159945	0.672568	0.327432	4.126799
9468	-2658.597	-3279.759	621.162	1.766858	1.48521	0.743553	0.256447	3.759771
9474	-2663.3	-3285.537	622.237	1.773118	1.386749	0.745161	0.254839	3.171439
9480	-2670.889	-3291.854	620.9648	1.691839	1.284499	0.742799	0.257201	4.006055
9486	-2669.392	-3291.228	621.836	1.697156	1.418163	0.682319	0.317681	3.438155
9492	-2664.844	-3285.361	620.517	1.585759	1.312427	0.652441	0.347559	4.307881
9498	-2667.305	-3289.514	622.2095	1.787425	1.224809	0.681058	0.318942	3.257657
9504	-2664.446	-3285.56	621.1141	1.63982	1.42097	0.750575	0.249425	3.888198
9510	-2642.367	-3263.311	620.9447	1.834667	1.477659	0.7071	0.2929	3.849065
9516	-2656.736	-3277.949	621.2126	1.741411	1.450459	0.562659	0.437341	3.760262
9522	-2655.765	-3276.878	621.113	1.713774	1.450459	0.726273	0.273727	3.833499
9528	-2643.028	-3263.168	620.14	1.435973	1.532203	0.723877	0.276123	4.510031
9534	-2652.204	-3271.832	619.6285	1.31885	1.552112	0.76027	0.23973	4.853892
9540	-2684.056	-3303.813	619.7566	1.305141	1.256313	0.558527	0.441473	4.917799
9546	-2672.85	-3293.573	620.7227	1.321259	1.067609	0.82566	0.17434	4.462483
9552	-2677.28	-3297.441	620.1606	1.74982	1.891592	0.678952	0.321048	4.186164
9558	-2664.51	-3284.974	620.4645	1.61919	1.519687	0.760409	0.239591	4.228471
9564	-2668.063	-3290.52	622.4574	1.634713	1.191351	0.646749	0.353251	3.218534
9570	-2671.242	-3293.046	621.804	1.670974	1.610341	0.680707	0.319293	3.390144
9576	-2658.098	-3279.689	621.5909	1.851913	1.40201	0.662166	0.337834	3.498217
9582	-2662.922	-3283.874	620.952	1.376123	1.999812	0.685898	0.314102	3.910864
9588	-2667.111	-3290.369	623.2588	1.654064	1.595202	0.685898	0.314102	2.530149
9594	-2670.919	-3294.134	623.2153	1.79035	1.405155	0.6106	0.3894	2.559328
9600	-2670.496	-3293.009	622.5129	1.574907	1.494672	0.678807	0.321193	3.076532
9606	-2676.021	-3299.022	623.0011	1.601587	1.374909	0.733009	0.266991	2.82133
9612	-2668.317	-3289.982	621.6646	1.550403	1.209559	0.642566	0.357434	3.721788
9618	-2666.572	-3286.946	620.374	1.582421	1.178148	0.635142	0.364858	4.454722
9624	-2655.265	-3275.826	620.5608	1.488343	1.076685	0.563603	0.436397	4.454722
9630	-2667.045	-3288.071	621.0264	1.482008	1.453287	0.733602	0.266398	4.014739
9636	-2676.513	-3298.829	622.3169	1.590273	1.22613	0.727813	0.272187	3.309918
9642	-2666.664	-3288.325	621.6604	1.531388	1.847926	0.630887	0.369113	3.464347
9648	-2666.032	-3288.539	622.5069	1.64326	1.520768	0.708215	0.291785	3.027862
9654	-2665.987	-3287.847	621.8604	1.512567	2.108988	0.637571	0.362429	3.267136
9660	-2638.483	-3259.61	621.1271	1.578859	1.070133	0.639536	0.360464	4.086255
9666	-2659.187	-3281.278	622.0909	1.46762	1.225012	0.693141	0.306859	3.514752
9672	-2645.27	-3267.685	622.4146	1.639842	1.170898	0.565073	0.434927	3.251485
9678	-2650.565	-3273.497	622.9322	1.612629	1.017762	0.729338	0.270662	3.045091
9684	-2696.99	-3319.502	622.512	1.587952	1.436024	0.565248	0.434752	3.095448
9690	-2665.023	-3285.136	620.1133	1.402328	1.718773	0.666076	0.333924	4.471512
9696	-2663.646	-3285.333	621.6866	1.534098	1.701295	0.642007	0.357993	3.502664
9702	-2664.74	-3285.739	620.999	1.600924	1.701295	0.617718	0.382282	3.861857
9708	-2654.094	-3276.434	622.3405	1.50085	1.66151	0.700451	0.299549	3.153143
9714	-2661.581	-3283.816	622.2344	1.660378	1.154218	0.738141	0.261859	3.354328
9720	-2659.504	-3281.828	622.324	1.627182	1.393682	0.66847	0.33153	3.20318
9726	-2650.124	-3272.161	622.037	1.657203	1.332501	0.585437	0.414563	3.383215
9732	-2656.488	-3277.786	621.2979	1.803935	1.765524	0.585437	0.414563	3.54735
9738	-2645.524	-3265.799	620.2757	1.683991	1.500138	0.567762	0.432238	4.306794
9744	-2643.27	-3264.472	621.2027	1.530028	1.601293	0.573762	0.426238	3.824679
9750	-2667.858	-3288.142	620.2839	1.548953	1.276783	0.696394	0.303606	4.476669
9756	-2676.516	-3296.909	620.3931	1.542597	1.381806	0.776104	0.223896	4.370972
9762	-2649.631	-3272.046	622.4147	1.716655	1.276349	0.527083	0.472917	3.15222
9768	-2680.553	-3300.842	620.2891	1.594054	1.276349	0.527083	0.472917	4.448586
9774	-2673.712	-3293.857	620.1445	1.537488	1.390224	0.545077	0.454923	4.510239
9780	-2663.339	-3283.882	620.5434	1.67692	1.16311	0.698724	0.301276	4.313302
9786	-2684.286	-3305.157	620.8714	1.686957	1.356584	0.70804	0.29196	4.028823
9792	-2655.782	-3277.225	621.4438	1.63817	1.585603	0.734787	0.265213	3.629365
9798	-2646.121	-3267.397	621.2765	1.585701	1.591318	0.682838	0.317162	3.75412
9804	-2655.679	-3276.863	621.1838	1.758452	1.480366	0.7195	0.2805	3.75412
9810	-2631.898	-3252.968	621.0698	1.652647	1.644112	0.684037	0.315963	3.813594
9816	-2641.2	-3262.715	621.5144	1.587286	1.799412	0.633169	0.366831	3.534764
9822	-2637.534	-3257.686	620.1518	1.604525	1.432273	0.691101	0.308899	4.45019
9828	-2647.47	-3267.831	620.361	1.643804	1.162965	0.666932	0.333068	4.435045
9834	-2638.828	-3260.715	621.8879	1.714512	1.321826	0.666932	0.333068	3.442054
9840	-2656.085	-3277.009	620.9241	1.668092	1.161647	0.74293	0.25707	4.103036
9846	-2670.896	-3291.209	620.3129	1.765392	1.856409	0.716586	0.283414	4.103036
9852	-2654.519	-3275.055	620.5367	1.593629	1.612923	0.620701	0.379299	4.164403
9858	-2661.296	-3281.882	620.5854	1.572332	1.573933	0.542966	0.457034	4.164348
9864	-2663.908	-3284.357	620.4492	1.394494	1.631527	0.611416	0.388584	4.319583
9870	-2659.682	-3280.731	621.0489	1.568369	1.219395	0.655914	0.344086	4.059911
9876	-2658.388	-3278.744	620.3561	1.649034	1.888039	0.788306	0.211694	4.133573
9882	-2662.42	-3283.368	620.9479	1.711253	1.53191	0.664125	0.335875	3.895242
9888	-2665.603	-3286.709	621.1056	1.66301	1.208536	0.588499	0.411501	3.978835
9894	-2668.066	-3288.436	620.3699	1.57659	1.151304	0.696715	0.303285	4.473742
9900	-2673.235	-3293.669	620.4335	1.638375	1.403499	0.705782	0.294218	4.284455
9906	-2672.274	-3293.038	620.7634	1.762868	1.955823	0.757563	0.242437	3.811974
9912	-2660.205	-3281.051	620.8469	1.708068	1.687745	0.701119	0.298881	3.892828
9918	-2638.533	-3260.545	622.012	1.552536	1.84096	0.687734	0.312266	3.247898
9924	-2654.201	-3276.185	621.9839	1.907596	1.395126	0.687764	0.312236	3.237889
9930	-2646.562	-3269.014	622.4529	1.701887	1.478553	0.756352	0.243648	3.04363
9936	-2647.343	-3267.509	620.1669	1.549445	1.478553	0.557614	0.442386	4.453104
9942	-2642.495	-3261.608	619.1129	1.401922	1.894183	0.672623	0.327377	4.968898
9948	-2656.283	-3276.917	620.6347	1.762627	1.968907	0.770503	0.229497	3.881647
9954	-2653.039	-3273.332	620.2931	1.360874	1.827516	0.722818	0.277182	4.35394
9960	-2646.759	-3265.444	618.6854	1.370786	1.606931	0.658556	0.341444	5.326635
9966	-2656.599	-3275.784	619.185	1.420617	1.606931	0.670924	0.329076	5.022506
9972	-2666.37	-3287.282	620.912	1.610071	1.07985	0.677704	0.322296	4.185583
9978	-2664.393	-3284.059	619.6661	1.65945	1.365304	0.576358	0.423642	4.721061
9984	-2661.244	-3280.784	619.5408	1.47326	1.460522	0.634744	0.365256	4.854116
9990	-2637.771	-3257.508	619.7365	1.721341	2.004691	0.765999	0.234001	4.40396
9996	-2652.828	-3273.344	620.5162	1.683484	1.729113	0.611981	0.388019	4.080291
10002	-2664.873	-3284.978	620.1052	1.602615	1.401753	0.686451	0.313549	4.490703
10008	-2666.534	-3285.491	618.9571	1.397602	1.418928	0.688377	0.311623	5.237536
10014	-2649.759	-3271.312	621.5529	1.601098	1.35587	0.592866	0.407134	3.686952
10020	-2654	-3275.314	621.3136	1.631203	1.64	0.633844	0.366156	3.686952
10026	-2660.737	-3280.528	619.7905	1.507922	1.804462	0.69852	0.30148	4.562416
10032	-2663.409	-3283.255	619.846	1.60787	1.134724	0.527386	0.472614	4.758423
10038	-2648.556	-3270.371	621.8145	1.697852	1.333011	0.7177	0.2823	3.489362
10044	-2648.357	-3269.817	621.4598	1.677422	1.333011	0.689835	0.310165	3.70722
10050	-2660.6	-3280.216	619.6163	1.548609	1.123781	0.703107	0.296893	4.925085
10056	-2665.606	-3285.861	620.2553	1.654593	1.288625	0.557341	0.442659	4.427789
10062	-2667.107	-3287.482	620.3744	1.55391	1.181662	0.707138	0.292862	4.468763
10068	-2665.626	-3287.126	621.5006	1.718444	1.347955	0.659712	0.340288	3.652943
10074	-2663.824	-3283.787	619.9634	1.661248	2.137003	0.72884	0.27116	4.266982
10080	-2674.448	-3291.988	617.5395	1.356851	1.186288	0.692143	0.307857	6.141742
10086	-2668.041	-3288.445	620.4044	1.421188	1.692781	0.682292	0.317708	4.306327
10092	-2661.377	-3282.148	620.7717	1.627526	1.235535	0.687213	0.312787	4.176132
10098	-2658.951	-3281.731	622.7794	1.748365	1.235535	0.6284	0.3716	2.935595
10104	-2682.152	-3302.294	620.1421	1.469549	1.959956	0.677239	0.322761	4.332022
10110	-2676.87	-3298.371	621.5016	1.770235	1.381214	0.69926	0.30074	3.6071
10116	-2671.097	-3292.993	621.8959	1.770235	1.381214	0.599861	0.400139	3.377013
10122	-2658.869	-3278.187	619.3182	1.415537	1.111271	0.620653	0.379347	5.170774
10128	-2668.993	-3288.022	619.0293	1.519171	1.467015	0.716081	0.283919	5.110157
10134	-2650.224	-3270.825	620.6009	1.70982	1.136218	0.619414	0.380586	4.275828
10140	-2649.742	-3270.528	620.786	1.609065	1.136218	0.602427	0.397573	4.228023
10146	-2644.537	-3265.473	620.9362	1.746226	1.458191	0.664075	0.335925	3.913033
10152	-2675.94	-3297.164	621.2241	1.786021	1.700822	0.587676	0.412324	3.625316
10158	-2672.483	-3294.516	622.0328	1.852973	1.548774	0.597384	0.402616	3.173399
10164	-2659.451	-3280.995	621.544	1.700274	1.366825	0.621885	0.378115	3.629682
10170	-2666.757	-3288.081	621.3239	1.73545	1.419131	0.748793	0.251207	3.713168
10176	-2669.757	-3290.128	620.3711	1.679349	1.601143	0.740144	0.259856	4.214395
10182	-2677.462	-3299.323	621.8616	1.77081	1.811642	0.678953	0.321047	3.218682
10188	-2677.532	-3299.56	622.0275	1.850669	1.348889	0.678953	0.321047	3.267247
10194	-2647.902	-3267.874	619.9718	1.630785	1.706987	0.667321	0.332679	4.426889
10200	-2674.024	-3294.075	620.0511	1.550331	1.541555	0.607867	0.392133	4.491905
10206	-2663.111	-3283.402	620.2915	1.546993	1.597661	0.607867	0.392133	4.335815
10212	-2672.497	-3294.076	621.579	1.633164	1.381026	0.584813	0.415187	3.641842
10218	-2664.632	-3286.354	621.7224	1.714673	1.623506	0.722852	0.277148	3.407003
10224	-2654.066	-3275.424	621.3584	1.708454	1.423586	0.752783	0.247217	3.706876
10230	-2656.913	-3278.372	621.4589	1.675196	1.350404	0.676846	0.323154	3.701003
10236	-2668.404	-3290.307	621.9023	1.771586	1.563747	0.786776	0.213224	3.292414
10242	-2651.764	-3275.182	623.4179	1.752738	1.19801	0.623851	0.376149	2.562349
10248	-2674.356	-3296.567	622.2114	1.796468	1.379482	0.56596	0.43404	3.176144
10254	-2668.903	-3290.763	621.8593	1.651082	1.379482	0.694084	0.305916	3.468995
10260	-2675.398	-3296.622	621.223	1.584556	1.379482	0.73335	0.26665	3.875847
10266	-2661.002	-3281.911	620.9082	1.531651	1.599652	0.737336	0.262664	3.993254
10272	-2649.422	-3269.608	620.1861	1.565016	1.16182	0.731754	0.268246	4.578316
10278	-2663.566	-3284.907	621.3411	1.510204	1.181746	0.731754	0.268246	3.94491
10284	-2658.094	-3279.183	621.089	1.523978	1.367484	0.774167	0.225833	3.992726
10290	-2663.42	-3283.506	620.0861	1.448739	1.063538	0.716225	0.283775	4.750224
10296	-2648.207	-3269.354	621.1468	1.723665	1.843373	0.594059	0.405941	3.652931
10302	-2648.316	-3269.804	621.4874	1.638545	1.403915	0.625341	0.374659	3.68145
10308	-2651.446	-3272.6	621.1539	1.673446	1.202907	0.684884	0.315116	3.948006
10314	-2655.239	-3276.464	621.2243	1.645986	1.154327	0.604732	0.395268	3.948006
10320	-2655.202	-3277.275	622.073	1.577357	1.366914	0.622145	0.377855	3.392841
10326	-2659.919	-3280.891	620.9721	1.72315	1.580214	0.586052	0.413948	3.854768
10332	-2645.562	-3266.9	621.3383	1.697199	1.610073	0.709911	0.290089	3.646408
10338	-2644.002	-3264.932	620.9299	1.716359	1.570778	0.589046	0.410954	3.886687
10344	-2650.081	-3270.406	620.3247	1.587525	1.81439	0.66298	0.33702	4.212428
10350	-2665.991	-3286.301	620.3099	1.792396	1.522745	0.778852	0.221148	4.216653
10356	-2682.83	-3303.759	620.9298	1.792396	2.084837	0.813603	0.186397	3.655543
10362	-2676.217	-3295.571	619.3534	1.558842	1.364532	0.670396	0.329604	4.951886
10368	-2663.072	-3283.251	620.1798	1.763537	1.32216	0.669723	0.330277	4.393469
10374	-2635.936	-3256.999	621.0634	1.698401	1.32216	0.651516	0.348484	3.928283
10380	-2647.685	-3268.236	620.5505	1.695196	1.729434	0.702906	0.297094	4.053936
10386	-2640.315	-3260.637	620.3222	1.639913	2.154536	0.704406	0.295594	4.06971
10392	-2653.614	-3273.342	619.7274	1.500933	1.339673	0.718478	0.281522	4.786798
10398	-2656.845	-3276.752	619.907	1.467707	1.196936	0.618465	0.381535	4.771671
10404	-2654.575	-3276.038	621.4627	1.581812	1.578762	0.664265	0.335735	3.653854
10410	-2657.927	-3277.016	619.0884	1.492461	1.29503	0.688482	0.311518	5.166826
10416	-2656.529	-3276.655	620.1262	1.547952	1.398232	0.606028	0.393972	4.511175
10422	-2661.201	-3281.466	620.265	1.626209	1.327471	0.601071	0.398929	4.420443
10428	-2653.931	-3276.024	622.0932	1.53374	1.256346	0.669199	0.330801	3.459304
10434	-2644.592	-3265.734	621.1419	1.601909	1.357094	0.73248	0.26752	3.922564
10440	-2664.663	-3286.235	621.5718	1.34968	1.059155	0.688702	0.311298	3.969203
10446	-2669.717	-3290.053	620.3356	1.329446	1.122025	0.580334	0.419666	4.646757
10452	-2669.625	-3290.994	621.3695	1.718916	1.448486	0.633367	0.366633	3.68344
10458	-2639.74	-3260.268	620.5279	1.674122	1.448486	0.744134	0.255866	4.191253
10464	-2653.024	-3275.341	622.3167	1.647172	1.154574	0.772584	0.227416	3.313467
10470	-2686.608	-3308.708	622.1007	1.611815	1.477462	0.711348	0.288652	3.306602
10476	-2679.904	-3304.04	624.1362	1.882107	1.049172	0.744018	0.255982	2.109532
10482	-2652.78	-3274.674	621.8939	1.61547	1.614907	0.658745	0.341255	3.368049
10488	-2653.859	-3276.39	622.5311	1.677694	1.195601	0.652709	0.347291	3.147125
10494	-2635.1	-3255.972	620.8725	1.60439	1.131472	0.692016	0.307984	4.184082
10500	-2649.353	-3271.279	621.9256	1.778297	1.28082	0.7749	0.2251	3.402273
10506	-2657.634	-3279.909	622.2749	1.727022	1.138513	0.684443	0.315557	3.299623
10512	-2689.53	-3311.307	621.7769	1.461411	1.199097	0.715335	0.284665	3.713564
10518	-2681.061	-3303.456	622.3955	1.735513	1.568817	0.715335	0.284665	3.018667
10524	-2661.337	-3283.47	622.1329	1.51561	1.112608	0.748412	0.251588	3.520595
10530	-2659.509	-3281.721	622.2121	1.545808	1.013954	0.691866	0.308134	3.511736
10536	-2664.219	-3283.824	619.6051	1.416446	1.542364	0.691866	0.308134	4.816453
10542	-2671.222	-3292.779	621.5561	1.667163	1.150284	0.69869	0.30131	3.747212
10548	-2667.547	-3288.586	621.039	1.799661	1.458592	0.711081	0.288919	3.823133
10554	-2675.662	-3297.619	621.9565	1.752711	1.092517	0.677188	0.322812	3.496057
10560	-2658.399	-3280.396	621.9976	1.665879	1.260568	0.659704	0.340296	3.435851
10566	-2661.102	-3281.093	619.9908	1.500136	1.4164	0.659704	0.340296	4.606179
10572	-2675.738	-3297.017	621.2788	1.572549	1.472243	0.787328	0.212672	3.810004
10578	-2669.428	-3290.815	621.3874	1.498507	1.251349	0.678672	0.321328	3.890667
10584	-2660.077	-3281.154	621.0772	1.746551	1.439314	0.735777	0.264223	3.840065
10590	-2672.98	-3293.906	620.9261	1.769709	1.129038	0.647516	0.352484	4.060778
10596	-2672.718	-3294.511	621.7932	1.471898	1.129038	0.608646	0.391354	3.734213
10602	-2670.838	-3291.789	620.9509	1.695443	1.167982	0.706563	0.293437	4.068958
10608	-2658.01	-3279.826	621.8152	1.763746	1.110051	0.672881	0.327119	3.562472
10614	-2660.23	-3280.039	619.8087	1.48911	1.206354	0.622617	0.377383	4.810055
10620	-2681.525	-3305.479	623.9538	1.678326	0.993859	0.585187	0.414813	2.392815
10626	-2675.745	-3299.445	623.6996	1.758176	1.101968	0.626585	0.373415	2.436958
10632	-2663.163	-3286.538	623.3753	1.660158	0.9566657	0.690325	0.309675	2.786249
10638	-2662.068	-3284.694	622.6255	1.588542	0.9566657	0.669685	0.330315	3.278218
10644	-2664.804	-3287.618	622.8139	1.657726	1.041333	0.687189	0.312811	3.075071
10650	-2668.632	-3291.571	622.9392	1.683191	1.296188	0.829547	0.170453	2.847737
10656	-2676.634	-3299.872	623.238	1.724829	1.496444	0.718098	0.281902	2.54318
10662	-2666.778	-3289.928	623.1505	1.561753	1.095473	0.653118	0.346882	2.899643
10668	-2652.147	-3275.033	622.8858	1.67498	1.095473	0.737968	0.262032	2.990871
10674	-2664.694	-3285.43	620.7357	1.656732	1.292467	0.737968	0.262032	4.152861
10680	-2663.692	-3286.064	622.3721	1.640805	1.79724	0.65761	0.34239	2.997369
10686	-2662.554	-3284.763	622.2091	1.838557	1.297376	0.670028	0.329972	3.19159
10692	-2656.408	-3277.334	620.9258	1.658835	1.402093	0.621392	0.378608	3.993498
10698	-2659.856	-3281.199	621.3438	1.582794	1.402093	0.681352	0.318648	3.797301
10704	-2665.284	-3288.067	622.7831	1.697495	1.530621	0.680321	0.319679	2.824218
10710	-2657.244	-3278.995	621.7509	1.605179	1.417075	0.701943	0.298057	3.541985
10716	-2657.599	-3277.637	620.0388	1.527838	1.416505	0.782271	0.217729	4.563658
10722	-2655.748	-3275.99	620.2421	1.530709	1.344626	0.763979	0.236021	4.47938
10728	-2659.646	-3280.178	620.5326	1.413124	1.201836	0.769093	0.230907	4.449016
10734	-2652.763	-3273.592	620.8289	1.589404	1.415244	0.640456	0.359544	4.082604
10740	-2636.602	-3256.069	619.4669	1.586339	1.391477	0.69448	0.30552	4.861637
10746	-2645.579	-3266.033	620.4541	1.565272	1.494954	0.795768	0.204232	4.275175
10752	-2643.014	-3264.776	621.7626	1.795037	1.270873	0.668359	0.331641	3.492668
10758	-2670.691	-3292.892	622.2017	1.94187	1.270873	0.668359	0.331641	3.147682
10764	-2666.535	-3286.868	620.3331	1.620423	1.56407	0.661436	0.338564	4.284114
10770	-2661.373	-3282.76	621.3873	1.743324	1.504322	0.741731	0.258269	3.634991
10776	-2659.148	-3281	621.8523	1.838538	1.131857	0.585561	0.414439	3.485567
10782	-2647.673	-3270.22	622.5469	1.679568	1.392155	0.778795	0.221205	3.039985
10788	-2626.464	-3249.819	623.3551	1.710278	1.119621	0.699837	0.300163	2.670794
10794	-2655.371	-3276.62	621.2488	1.58024	1.388012	0.699837	0.300163	3.859713
10800	-2646.057	-3267.83	621.7728	1.466878	1.279186	0.682572	0.317428	3.673419
10806	-2673.909	-3297.088	623.1791	1.592132	0.9921573	0.681524	0.318476	2.92448
10812	-2672.992	-3294.941	621.9493	1.570063	0.9649097	0.674374	0.325626	3.679004
10818	-2661.574	-3282.752	621.1783	1.494651	1.337294	0.65838	0.34162	3.972155
10824	-2666.299	-3287.923	621.6241	1.830199	1.680836	0.692115	0.307885	3.374007
10830	-2650.194	-3271.857	621.6625	1.754101	1.427447	0.757703	0.242297	3.502135
10836	-2657.857	-3280.253	622.3967	1.821784	1.530531	0.652669	0.347331	2.982594
10842	-2664.222	-3284.233	620.0111	1.574576	1.142764	0.710767	0.289233	4.680648
10848	-2642.094	-3260.587	618.493	1.479255	1.575127	0.735061	0.264939	5.385218
10854	-2642.85	-3264.221	621.3708	1.736929	1.590757	0.656536	0.343464	3.612341
10860	-2653.274	-3275.94	622.6658	1.562063	1.364612	0.572561	0.427439	3.052107
10866	-2643.398	-3263.923	620.5252	1.473138	1.601365	0.703503	0.296497	4.243894
10872	-2642.826	-3263.523	620.6974	1.649529	1.61811	0.735372	0.264628	4.038989
10878	-2646.208	-3268.177	621.9694	1.597645	1.93742	0.693661	0.306339	3.211413
10884	-2659.194	-3281.047	621.8526	1.838759	1.73916	0.671219	0.328781	3.211413
10890	-2651.953	-3273.374	621.4209	1.953292	2.003988	0.695617	0.304383	3.302001
10896	-2645.185	-3266.594	621.4088	1.864164	1.539734	0.621034	0.378966	3.537337
10902	-6516.574	-7137.889	621.3147	1.737936	1.601542	0.558508	0.441492	3.639898
10908	-7282.501	-7900.56	618.0589	1.993959	0.9874386	0.00440496	0.995595	5.61191
11004	-10539.9	-11158.13	618.2383	0.51731	109.7028	0.873965	0.126035	2.013523
11106	-12525.27	-13123.1	597.835	0.1788921	50.35141	0.907375	0.0926251	14.1687
11202	-23990.4	-24603.98	613.5796	0.07529735	1294.34	0.561122	0.438878	1.269193
11208	-25510.82	-26123.06	612.2377	0.08367612	976.4289	0.0057115	0.994289	2.702239
11304	-37845.68	-38447.35	601.6749	0.02744301	32288.8	0.545041	0.454959	2.434903
