Iteration	Posterior	Likelihood	Prior	rate_log_sd	rate_loss	root_freqs[1]	root_freqs[2]	tree_length
0	-2650.473	-3271.286	620.8122	1.743828	1.809034	0.625255	0.374745	3.846861
6	-2639.554	-3260.699	621.1453	1.642686	1.471194	0.675715	0.324285	3.846861
12	-2641.32	-3263.471	622.1513	1.965026	1.4783	0.668386	0.331614	3.066718
18	-2656.051	-3277.447	621.396	1.869998	1.510474	0.790821	0.209179	3.55377
24	-2648.343	-3269.759	621.4155	1.83858	1.526754	0.662421	0.337579	3.55377
30	-2679.326	-3300.999	621.673	1.848557	1.5646	0.697733	0.302267	3.38164
36	-2681.729	-3303.576	621.8468	1.950098	1.275546	0.750869	0.249131	3.350281
42	-2653.311	-3274.925	621.614	1.7485	1.645126	0.661598	0.338402	3.441969
48	-2668.002	-3288.11	620.1082	1.744486	1.979237	0.755395	0.244605	4.18901
54	-2673.522	-3293.515	619.9932	1.496527	1.691515	0.60197	0.39803	4.496264
60	-2661.06	-3280.142	619.0813	1.522646	1.504599	0.616865	0.383135	5.063977
66	-2662.353	-3283.345	620.9921	1.821155	1.870516	0.630245	0.369755	3.676304
72	-2664.163	-3285.456	621.293	1.891087	1.436644	0.659678	0.340322	3.633226
78	-2668.261	-3289.53	621.2688	1.82895	1.76704	0.619798	0.380202	3.549138
84	-2652.45	-3274.422	621.9721	1.748449	1.850186	0.673245	0.326755	3.152052
90	-2655.455	-3277.825	622.3698	1.870972	1.410929	0.739689	0.260311	3.022722
96	-2666.709	-3287.335	620.6253	1.691773	1.346287	0.559558	0.440442	4.170933
102	-2658.614	-3277.884	619.2698	1.413256	1.483814	0.613365	0.386635	5.028563
108	-2649.965	-3270.914	620.9489	1.767816	1.436324	0.660754	0.339246	3.902819
114	-2655.351	-3275.537	620.1858	1.603303	1.674671	0.749647	0.250353	4.333838
120	-2657.332	-3277.886	620.5539	1.571855	1.229758	0.718528	0.281472	4.333838
126	-2666.627	-3285.75	619.1235	1.534588	1.33522	0.7311	0.2689	5.105996
132	-2677.991	-3298.448	620.4566	1.539607	1.633388	0.599829	0.400171	4.232509
138	-2660.711	-3279.403	618.6917	1.522081	1.756573	0.520602	0.479398	5.183957
144	-2640.859	-3261.312	620.4528	1.565947	1.295138	0.569843	0.430157	4.363332
150	-2653.577	-3273.238	619.6609	1.606919	1.286049	0.667071	0.332929	4.789112
156	-2647.081	-3269.078	621.9963	1.89417	1.158466	0.722871	0.277129	3.354632
162	-2633.858	-3255.433	621.5757	1.89417	1.706787	0.723352	0.276648	3.354632
168	-2640.433	-3261.583	621.1496	1.792642	1.583444	0.70367	0.29633	3.71112
174	-2653.644	-3275.09	621.4456	1.741265	1.264273	0.697844	0.302156	3.71112
180	-2668.948	-3290.064	621.1168	1.710807	1.186506	0.655256	0.344744	3.956093
186	-2684.623	-3305.491	620.8679	1.701374	1.473782	0.678999	0.321001	3.971176
192	-2694.465	-3316.853	622.3887	1.622262	1.123352	0.618988	0.381012	3.302454
198	-2690.322	-3311.095	620.7732	1.736954	1.332494	0.613474	0.386526	4.067326
204	-2659.009	-3280.276	621.2676	1.792104	1.272647	0.644675	0.355325	3.78047
210	-2658.788	-3281.033	622.245	1.861974	1.337316	0.728505	0.271495	3.137141
216	-2643.487	-3265.579	622.0913	1.914837	1.369803	0.615596	0.384404	3.181681
222	-2675.348	-3296.218	620.8693	1.580546	1.609906	0.745125	0.254875	3.983476
228	-2679.028	-3300.043	621.0149	1.735283	1.220465	0.733776	0.266224	3.983476
234	-2667.66	-3289.313	621.6528	1.823876	1.546633	0.733776	0.266224	3.415474
240	-2655.234	-3276.558	621.3231	1.797783	1.512778	0.629513	0.370487	3.637028
246	-2658.5	-3279.754	621.2545	1.797783	1.609201	0.629513	0.370487	3.637028
252	-2661.14	-3282.72	621.5805	1.772972	1.750435	0.696273	0.303727	3.4061
258	-2652.454	-3272.568	620.114	1.564611	1.534366	0.732558	0.267442	4.451349
264	-2662.048	-3282.345	620.2971	1.636546	1.540399	0.745001	0.254999	4.304956
270	-2669.817	-3289.594	619.7772	1.694655	1.207053	0.687398	0.312602	4.712443
276	-2680.844	-3299.806	618.9622	1.682595	1.419707	0.618345	0.381655	5.076614
282	-2679.404	-3299.879	620.4753	1.467627	1.449383	0.758914	0.241086	4.33763
288	-2666.648	-3285.594	618.9464	1.628133	1.566007	0.758914	0.241086	5.055749
294	-2667.136	-3285.359	618.2237	1.414063	2.294907	0.687383	0.312617	5.328785
300	-2675.974	-3294.514	618.5403	1.573367	2.294907	0.73075	0.26925	5.065528
306	-2661.578	-3282.165	620.5867	1.374364	1.23571	0.620218	0.379782	4.423936
312	-2668.193	-3286.285	618.0925	1.482485	1.729282	0.742131	0.257869	5.546036
318	-2666.962	-3285.098	618.1358	1.526224	1.729282	0.608715	0.391285	5.498198
324	-2688.487	-3307.291	618.8038	1.577769	1.5795	0.625029	0.374971	5.157393
330	-2682.145	-3302.632	620.4871	1.533118	1.34184	0.756428	0.243572	4.341101
336	-2671.604	-3292.529	620.9245	1.656434	1.20444	0.745854	0.254146	4.087947
342	-2686.308	-3307.051	620.7435	1.657477	1.425589	0.766501	0.233499	4.087947
348	-2676.268	-3295.454	619.1862	1.662369	1.724792	0.618478	0.381522	4.84293
354	-2686.304	-3305.408	619.1037	1.411999	1.139983	0.695944	0.304056	5.2768
360	-2703.006	-3323.728	620.7221	1.725577	1.375162	0.514741	0.485259	4.083591
366	-2678.453	-3299.654	621.201	1.638996	1.195979	0.639704	0.360296	3.944206
372	-2696.91	-3318.72	621.81	1.82047	1.398219	0.53061	0.46939	3.390179
378	-2687.214	-3309.326	622.112	1.764344	1.107478	0.61122	0.38878	3.390179
384	-2654.646	-3275.787	621.1402	1.685163	1.400055	0.585488	0.414512	3.856425
390	-2663.728	-3284.102	620.3739	1.502197	1.448258	0.690818	0.309182	4.37585
396	-2672.841	-3293.008	620.1664	1.494939	1.483078	0.685719	0.314281	4.482217
402	-2659.594	-3281.387	621.7928	1.717528	1.26761	0.682809	0.317191	3.521804
408	-2659.955	-3281.253	621.2984	1.835484	1.26761	0.599499	0.400501	3.740142
414	-2666.687	-3287.548	620.8616	1.668705	1.471086	0.645635	0.354365	3.994564
420	-2660.769	-3282.06	621.2913	1.670801	1.995808	0.693302	0.306698	3.54611
426	-2662.44	-3283.968	621.5278	1.787171	1.461997	0.694995	0.305005	3.54611
432	-2641.615	-3262.904	621.2888	1.834081	1.736521	0.627989	0.372011	3.54611
438	-2651.113	-3272.853	621.7404	1.73054	1.264839	0.623929	0.376071	3.54611
444	-2653.117	-3272.653	619.5355	1.573109	1.713263	0.67586	0.32414	4.701943
450	-2655.484	-3275.25	619.7657	1.483389	1.378677	0.708361	0.291639	4.757938
456	-2666.086	-3286.81	620.7241	1.718145	1.570022	0.683581	0.316419	4.00384
462	-2667.687	-3288.979	621.2924	1.766818	1.369692	0.671988	0.328012	3.735424
468	-2667.804	-3288.918	621.1138	1.628022	1.331852	0.648764	0.351236	3.935243
474	-2645.701	-3266.512	620.8101	1.52531	1.916327	0.572577	0.427423	3.935243
480	-2668.755	-3289.527	620.7718	1.682721	1.39706	0.557277	0.442723	4.069984
486	-2662.685	-3283.375	620.6896	1.711925	1.466652	0.705448	0.294552	4.069984
492	-2664.902	-3285.736	620.8343	1.519872	1.531129	0.690549	0.309451	4.069984
498	-2653.541	-3274.202	620.6616	1.599749	1.663771	0.730205	0.269795	4.069984
504	-2651.848	-3272.488	620.6404	1.689735	1.558821	0.781732	0.218268	4.072337
510	-2679.835	-3301.589	621.754	1.736937	1.791611	0.680653	0.319347	3.309746
516	-2668.96	-3290.138	621.1772	1.724709	1.466911	0.633899	0.366101	3.783133
522	-2661.192	-3282.1	620.9079	1.508548	1.88944	0.761564	0.238436	3.898176
528	-2653.066	-3272.748	619.6816	1.494876	1.594098	0.695369	0.304631	4.709376
534	-2665.089	-3284.628	619.5393	1.400993	1.273429	0.649404	0.350596	4.977373
540	-2674.752	-3296.412	621.6603	1.556612	0.9772732	0.688932	0.311068	3.846147
546	-2662.874	-3283.974	621.0998	1.609829	1.399557	0.688932	0.311068	3.923039
552	-2665.34	-3285.672	620.3323	1.681316	1.20753	0.702362	0.297638	4.407994
558	-2664.196	-3285.087	620.8904	1.492166	1.22286	0.754041	0.245959	4.191754
564	-2661.137	-3281.488	620.3515	1.710596	1.453929	0.651914	0.348086	4.268271
570	-2655.246	-3276.254	621.008	1.72266	1.175503	0.744466	0.255534	4.017049
576	-2656.493	-3277.59	621.0967	1.771665	1.160674	0.738418	0.261582	3.945824
582	-2658.827	-3280.306	621.4791	1.771665	1.160674	0.738418	0.261582	3.725991
588	-2667.054	-3288.858	621.8032	1.633059	1.327028	0.738418	0.261582	3.536544
594	-2672.366	-3293.496	621.1306	1.671593	1.214867	0.663371	0.336629	3.95647
600	-2667.744	-3289.539	621.7948	1.734109	1.153145	0.710959	0.289041	3.56873
606	-2664.806	-3285.946	621.14	1.704627	1.255972	0.736156	0.263844	3.912119
612	-2672.117	-3293.164	621.0469	1.691783	1.48505	0.698928	0.301072	3.869275
618	-2672.02	-3293.14	621.1206	1.622482	1.226085	0.62826	0.37174	3.984752
624	-2658.321	-3280.133	621.8121	1.669665	1.169256	0.729386	0.270614	3.587753
630	-2669.465	-3292.238	622.7735	1.894535	1.032104	0.685016	0.314984	2.962745
636	-2666.496	-3288.784	622.2872	1.803895	1.274472	0.660669	0.339331	3.17707
642	-2666.14	-3287.169	621.0295	1.803895	1.351534	0.651786	0.348214	3.873692
648	-2637.934	-3259.192	621.258	1.598029	1.351534	0.721551	0.278449	3.860675
654	-2674.548	-3295.379	620.8312	1.520189	1.354345	0.654282	0.345718	4.147768
660	-2682.527	-3305.284	622.7563	1.647611	1.500045	0.749726	0.250274	2.884239
666	-2662.425	-3284.744	622.3192	1.97777	1.651298	0.594804	0.405196	2.884239
672	-2645.656	-3268.154	622.4973	1.918016	1.350383	0.617762	0.382238	2.946394
678	-2654.362	-3276.373	622.0107	1.914468	1.333324	0.769092	0.230908	3.246832
684	-2668.14	-3290.053	621.9133	1.914468	1.531271	0.720498	0.279502	3.215251
690	-2670.602	-3292.557	621.955	1.628091	1.090858	0.704046	0.295954	3.570428
696	-2671.475	-3292.875	621.4008	1.810386	1.472758	0.597622	0.402378	3.601739
702	-2665.822	-3287.565	621.7426	1.802218	1.32826	0.60951	0.39049	3.472638
708	-2659.158	-3280.742	621.5843	1.784207	1.491871	0.741497	0.258503	3.501999
714	-2688.602	-3307.646	619.0441	1.443709	1.221018	0.65754	0.34246	5.252716
720	-2663.952	-3284.677	620.7252	1.583713	1.469605	0.662844	0.337156	4.12147
726	-2661.241	-3282.741	621.4995	1.799786	1.469605	0.790438	0.209562	3.551897
732	-2659.162	-3280.587	621.4253	1.642096	1.613777	0.668481	0.331519	3.626375
738	-2653.361	-3275.065	621.7041	1.81955	1.400368	0.760853	0.239147	3.451748
744	-2662.679	-3283.123	620.4432	1.628923	1.520245	0.569163	0.430837	4.234769
750	-2664.634	-3284.799	620.1649	1.515019	1.330309	0.569163	0.430837	4.538099
756	-2663.416	-3282.708	619.292	1.578672	1.574442	0.713087	0.286913	4.887775
762	-2669.112	-3289.561	620.4493	1.48215	1.319436	0.710384	0.289616	4.401394
768	-2667.193	-3287.955	620.7625	1.686339	1.319436	0.728875	0.271125	4.108234
774	-2661.009	-3282.016	621.0075	1.747649	1.46494	0.725301	0.274699	3.868434
780	-2674.395	-3296.161	621.7654	1.774532	1.484257	0.610749	0.389251	3.405058
786	-2677.577	-3299.362	621.7851	1.719677	1.876842	0.610749	0.389251	3.270036
792	-2651	-3273.505	622.5053	1.934097	1.181802	0.597437	0.402563	3.016693
798	-2650.675	-3273.153	622.4772	1.916895	1.56048	0.698669	0.301331	2.863743
804	-2657.56	-3279.654	622.0939	1.833724	1.135037	0.739404	0.260596	3.345201
810	-2658.572	-3280.654	622.0825	1.718684	1.041519	0.620271	0.379729	3.470705
816	-2676.519	-3298.234	621.7145	1.826687	1.336989	0.620271	0.379729	3.470705
822	-2647.561	-3267.976	620.4153	1.687692	1.598707	0.657852	0.342148	4.185565
828	-2662.833	-3283.028	620.1948	1.626566	1.596009	0.677805	0.322195	4.346127
834	-2650.079	-3270.585	620.5058	1.727936	1.443849	0.701842	0.298158	4.175228
840	-2650.607	-3272.182	621.5752	2.014826	2.078988	0.691322	0.308678	3.148645
846	-2658.555	-3280.057	621.5028	2.041761	1.622102	0.718124	0.281876	3.344499
852	-2656.359	-3275.677	619.3185	1.619669	1.775039	0.685039	0.314961	4.774661
858	-2653.968	-3276.329	622.3616	1.631432	1.36871	0.789622	0.210378	3.189975
864	-2654.872	-3276.814	621.9411	1.789453	1.734585	0.797517	0.202483	3.189975
870	-2655.587	-3277.195	621.608	1.659016	1.689741	0.678234	0.321766	3.480109
876	-2662.659	-3285.838	623.1785	1.922468	1.643062	0.678234	0.321766	2.391321
882	-2644.445	-3265.927	621.4824	1.799624	1.942907	0.618959	0.381041	3.377453
888	-2638.901	-3259.472	620.5704	1.625367	1.942907	0.60321	0.39679	4.005926
894	-2662.082	-3282.252	620.1705	1.561988	1.707352	0.660848	0.339152	4.353455
900	-2658.936	-3278.746	619.8101	1.504682	1.79551	0.761642	0.238358	4.5564
906	-2665.02	-3285.757	620.7373	1.755056	1.710646	0.783105	0.216895	3.919988
912	-2656.612	-3278.268	621.6561	1.755922	1.497443	0.631652	0.368348	3.474188
918	-2641.456	-3262.992	621.5364	1.805591	1.595072	0.631652	0.368348	3.474188
924	-2650.502	-3272.138	621.6359	1.70604	1.595072	0.685824	0.314176	3.474188
930	-2660.037	-3281.536	621.499	1.79236	1.64768	0.762455	0.237545	3.482488
936	-2658.66	-3278.666	620.0056	1.62873	1.613241	0.650751	0.349249	4.444863
942	-2655.447	-3275.545	620.0974	1.520215	1.655249	0.758629	0.241371	4.43805
948	-2658.387	-3277.927	619.5403	1.516067	1.57851	0.695805	0.304195	4.782627
954	-2671.685	-3291.778	620.0932	1.520302	1.57851	0.72381	0.27619	4.470309
960	-2672.137	-3293.882	621.7455	1.574348	1.478634	0.783324	0.216676	3.536066
966	-2678.127	-3299.701	621.574	1.593199	1.03068	0.770386	0.229614	3.844101
972	-2668.59	-3289.458	620.8679	1.604793	1.279228	0.646207	0.353793	4.113438
978	-2678.904	-3298.404	619.4996	1.541873	1.899106	0.683022	0.316978	4.673397
984	-2675.721	-3295.745	620.0245	1.649074	1.269643	0.710311	0.289689	4.569586
990	-2652.155	-3272.833	620.6776	1.72319	1.515749	0.649152	0.350848	4.049762
996	-2666.022	-3287	620.9785	1.729976	1.515749	0.587874	0.412126	3.873687
1002	-2661.604	-3282.525	620.9212	1.729976	1.66539	0.641114	0.358886	3.846275
1008	-2652.654	-3274.031	621.3775	1.773889	1.201415	0.648446	0.351554	3.762615
1014	-2650.967	-3271.642	620.6748	1.593232	1.398934	0.643257	0.356743	4.175266
1020	-2658.447	-3279.164	620.7174	1.602159	1.333605	0.643257	0.356743	4.175266
1026	-2636.857	-3257.183	620.3257	1.59045	1.313238	0.742208	0.257792	4.412906
1032	-2628.698	-3248.918	620.22	1.528442	1.486949	0.645532	0.354468	4.431553
1038	-2646.012	-3267.549	621.5372	1.741811	1.48115	0.626831	0.373169	3.558709
1044	-2648.037	-3269.209	621.1716	1.692703	1.811179	0.821104	0.178896	3.668253
1050	-2679.743	-3302.333	622.5898	1.796583	1.821814	0.63943	0.36057	2.761989
1056	-2666.431	-3289	622.5686	1.611457	1.397783	0.651881	0.348119	3.065133
1062	-2678.627	-3300.738	622.1119	1.820727	1.397783	0.757114	0.242886	3.2123
1068	-2667.891	-3288.199	620.3075	1.654536	1.793103	0.637271	0.362729	4.191842
1074	-2674.584	-3295.282	620.6978	1.52575	1.37269	0.815303	0.184697	4.212118
1080	-2658.566	-3278.793	620.227	1.540276	1.490437	0.706176	0.293824	4.419464
1086	-2662.442	-3282.838	620.3964	1.448693	1.311397	0.664772	0.335228	4.453798
1092	-2672.108	-3291.778	619.6698	1.427004	1.407754	0.657509	0.342491	4.830316
1098	-2668.579	-3287.807	619.2285	1.371694	1.134725	0.678166	0.321834	5.232763
1104	-2657.016	-3275.775	618.7597	1.418818	1.444925	0.682079	0.317921	5.323917
1110	-2675.009	-3295.08	620.0708	1.63899	1.654115	0.755411	0.244589	4.386506
1116	-2658.524	-3280.001	621.477	1.740352	1.654115	0.719468	0.280532	3.523096
1122	-2649.042	-3270.528	621.4862	1.762577	1.608463	0.681344	0.318656	3.523096
1128	-2664.901	-3284.412	619.5112	1.621297	1.608463	0.694	0.306	4.728382
1134	-2665.285	-3285.764	620.4789	1.634194	1.452146	0.694	0.306	4.240136
1140	-2654.066	-3275.781	621.7144	1.828195	1.185095	0.753975	0.246025	3.544251
1146	-2656.239	-3278.414	622.1751	1.856616	1.49683	0.654463	0.345537	3.109049
1152	-2678.676	-3299.017	620.3413	1.659372	1.246241	0.598639	0.401361	4.396566
1158	-2666.407	-3287.037	620.6305	1.64657	1.481078	0.579615	0.420385	4.134721
1164	-2666.884	-3287.925	621.0411	1.743541	1.297458	0.734742	0.265258	3.926708
1170	-2681.071	-3300.257	619.1853	1.360243	1.163146	0.707743	0.292257	5.248797
1176	-2663.627	-3284.27	620.643	1.57249	1.321104	0.662654	0.337346	4.240059
1182	-2661.632	-3282.525	620.8928	1.567716	1.780139	0.709153	0.290847	3.912275
1188	-2689.784	-3310.635	620.8516	1.455846	1.756889	0.775527	0.224473	4.008413
1194	-2679.701	-3301.527	621.8264	1.791463	1.657989	0.689648	0.310352	3.286808
1200	-2673.404	-3292.586	619.1814	1.442665	1.900161	0.712654	0.287346	4.906065
1206	-2667.224	-3288.074	620.85	1.53175	1.712959	0.593165	0.406835	3.982447
1212	-2674.492	-3294.323	619.8307	1.451085	1.720344	0.699249	0.300751	4.602308
1218	-2661.88	-3282.333	620.453	1.800786	1.632924	0.644471	0.355529	4.086301
1224	-2681.79	-3301.274	619.4836	1.6289	1.593523	0.754466	0.245534	4.745375
1230	-2676.361	-3297.252	620.8915	1.604503	1.56215	0.725799	0.274201	3.976306
1236	-2677.541	-3297.952	620.4115	1.666071	1.292498	0.670862	0.329138	4.331311
1242	-2679.521	-3299.855	620.3338	1.507713	1.225434	0.652707	0.347293	4.49622
1248	-2669.664	-3289.976	620.312	1.614373	1.574611	0.652707	0.347293	4.295261
1254	-2673.499	-3293.905	620.4063	1.671256	1.513803	0.649079	0.350921	4.234356
1260	-2677.574	-3298.841	621.2667	1.819007	1.403547	0.740989	0.259011	3.704897
1266	-2675.225	-3295.841	620.6157	1.642797	1.663131	0.6674	0.3326	4.071872
1272	-2684.397	-3305.989	621.5924	1.643779	1.179284	0.647492	0.352508	3.724848
1278	-2682.765	-3304.21	621.4445	1.888333	1.612132	0.777964	0.222036	3.472584
1284	-2662.126	-3281.927	619.8008	1.652757	1.396311	0.704214	0.295786	4.635838
1290	-2668.439	-3288.497	620.058	1.591908	1.239988	0.744128	0.255872	4.596903
1296	-2672.992	-3293.303	620.3111	1.62231	1.52704	0.578252	0.421748	4.310571
1302	-2677.721	-3299.091	621.3703	1.62231	1.984304	0.578252	0.421748	3.532281
1308	-2665.073	-3285.818	620.7451	1.749975	1.984304	0.759626	0.240374	3.820241
1314	-2669.223	-3289.043	619.8196	1.466765	1.407941	0.669242	0.330758	4.724374
1320	-2677.781	-3299.903	622.1224	1.713684	1.135682	0.600953	0.399047	3.398597
1326	-2672.521	-3294.341	621.8205	1.831736	1.352165	0.601767	0.398233	3.398597
1332	-2676.922	-3298.015	621.0923	1.587414	1.675344	0.736015	0.263985	3.825997
1338	-2669.007	-3290.241	621.2339	1.618182	1.434243	0.770033	0.229967	3.825997
1344	-2661.43	-3283.201	621.7708	1.809944	1.315922	0.801078	0.198922	3.45751
1350	-2655.699	-3276.345	620.646	1.676604	1.448328	0.573856	0.426144	4.122763
1356	-2681.141	-3302.105	620.9639	1.624182	1.127852	0.726059	0.273941	4.122763
1362	-2666.193	-3287.289	621.0958	1.716159	1.150028	0.632643	0.367357	3.983588
1368	-2659.598	-3280.692	621.0941	1.717873	1.150028	0.632643	0.367357	3.983588
1374	-2664.247	-3285.856	621.6082	1.769771	1.300972	0.684969	0.315031	3.582778
1380	-2651.171	-3271.273	620.1018	1.722821	1.451363	0.665844	0.334156	4.403577
1386	-2661.625	-3281.868	620.243	1.563242	1.475838	0.665844	0.334156	4.403577
1392	-2653.614	-3274.088	620.4735	1.692843	1.553117	0.662104	0.337896	4.167849
1398	-2660.208	-3279.986	619.7778	1.518097	1.589569	0.662104	0.337896	4.644272
1404	-2673.937	-3294.181	620.244	1.552158	1.388861	0.619437	0.380563	4.446581
1410	-2671.237	-3291.563	620.3261	1.451027	1.293758	0.745854	0.254146	4.500147
1416	-2671.317	-3292.06	620.7432	1.597133	1.355421	0.658351	0.341649	4.153563
1422	-2672.451	-3292.51	620.0584	1.708988	2.51109	0.743471	0.256529	4.074993
1428	-2669.063	-3289.986	620.9234	1.901428	1.934864	0.725963	0.274037	3.646863
1434	-2669.242	-3289.992	620.7501	1.841456	1.610367	0.676138	0.323862	3.902128
1440	-2664.149	-3284.528	620.3791	1.712814	1.93365	0.60277	0.39723	4.068369
1446	-2666.602	-3286.302	619.7	1.505022	1.838481	0.591659	0.408341	4.602773
1452	-2665.102	-3286.312	621.2103	1.653154	1.291941	0.636936	0.363064	3.884157
1458	-2683.151	-3303.41	620.2592	1.676478	1.461637	0.647158	0.352842	4.336468
1464	-2703.643	-3323.275	619.6314	1.473671	1.386052	0.703435	0.296565	4.835122
1470	-2686.48	-3306.196	619.7164	1.540375	1.201768	0.678237	0.321763	4.835122
1476	-2671.265	-3289.4	618.1345	1.457632	1.654888	0.651072	0.348928	5.56395
1482	-2679.193	-3296.92	617.7264	1.428662	1.56359	0.768989	0.231011	5.838289
1488	-2673.095	-3290.937	617.8427	1.479171	1.342261	0.719664	0.280336	5.838289
1494	-2660.695	-3277.961	617.2662	1.390096	1.615069	0.650056	0.349944	6.090768
1500	-2659.21	-3278.385	619.1747	1.440659	1.492239	0.682624	0.317376	5.06271
1506	-2661.529	-3280.637	619.1089	1.528292	1.462801	0.740868	0.259132	5.06271
1512	-2641.874	-3262.564	620.6899	1.769343	1.560103	0.654259	0.345741	3.998126
1518	-2653.933	-3274.823	620.89	1.80315	1.320645	0.699435	0.300565	3.968263
1524	-2644.17	-3265.092	620.9221	1.74806	1.746454	0.625743	0.374257	3.804356
1530	-2649.276	-3270.5	621.2243	1.74806	1.377899	0.676771	0.323229	3.781782
1536	-2650.774	-3272.172	621.3982	1.71114	1.445208	0.708296	0.291704	3.672761
1542	-2661.274	-3282.306	621.0325	1.741576	1.70582	0.686969	0.313031	3.759914
1548	-2667.568	-3288.398	620.8301	1.814507	1.509311	0.661949	0.338051	3.913039
1554	-2663.25	-3284.219	620.9691	1.79412	1.35359	0.619309	0.380691	3.913039
1560	-2670.222	-3291.635	621.4137	1.830948	1.478867	0.628589	0.371411	3.579688
1566	-2690.888	-3310.702	619.8139	1.73496	1.447499	0.711082	0.288918	4.560368
1572	-2656.668	-3278.298	621.6306	1.698241	1.384549	0.669155	0.330845	3.572504
1578	-2659.525	-3281.193	621.6683	1.780755	1.236988	0.669155	0.330845	3.572504
1584	-2647.015	-3269.34	622.325	1.781618	1.241925	0.624022	0.375978	3.184086
1590	-2669.988	-3291.485	621.4972	1.758628	1.171103	0.66032	0.33968	3.71771
1596	-2658.621	-3280.217	621.5965	1.663301	1.389582	0.723626	0.276374	3.610288
1602	-2653.057	-3272.812	619.7545	1.445645	1.389582	0.651095	0.348905	4.780536
1608	-2661.96	-3281.698	619.7374	1.625596	1.192179	0.651095	0.348905	4.780536
1614	-2679.579	-3300.5	620.921	1.394092	1.290754	0.554404	0.445596	4.197636
1620	-2673.772	-3296.31	622.5377	1.60679	1.09432	0.791271	0.208729	3.239454
1626	-2669.218	-3291.33	622.1118	1.781542	1.106647	0.764673	0.235327	3.380629
1632	-2657.534	-3278.189	620.6547	1.5634	1.598475	0.66953	0.33047	4.120201
1638	-2646.266	-3266.174	619.9076	1.560432	1.542566	0.683939	0.316061	4.566489
1644	-2643.907	-3263.606	619.699	1.58205	1.635526	0.794903	0.205097	4.634728
1650	-2638.348	-3258.066	619.7184	1.58205	1.607533	0.662395	0.337605	4.634728
1656	-2646.488	-3266.235	619.7477	1.589205	1.729558	0.729317	0.270683	4.567988
1662	-2648.091	-3267.619	619.5285	1.640738	2.032827	0.736182	0.263818	4.557152
1668	-2656.784	-3276.151	619.3674	1.515214	1.820603	0.610335	0.389665	4.789457
1674	-2660.173	-3280.27	620.0971	1.50601	1.785015	0.698376	0.301624	4.397922
1680	-2668.488	-3288.601	620.1135	1.698659	1.710358	0.5731	0.4269	4.307292
1686	-2665.49	-3284.402	618.9121	1.526292	1.742497	0.655467	0.344533	5.064566
1692	-2676.086	-3297.47	621.3835	1.766358	1.703543	0.758048	0.241952	3.543081
1698	-2664.823	-3284.256	619.4334	1.553235	1.703543	0.642213	0.357787	4.773727
1704	-2650.844	-3270.135	619.291	1.488472	1.675417	0.60033	0.39967	4.899764
1710	-2665.593	-3286.623	621.0296	1.544404	1.230016	0.674971	0.325029	4.079351
1716	-2685.803	-3305.591	619.7876	1.662652	1.774906	0.585894	0.414106	4.487657
1722	-2656.367	-3277.506	621.1388	1.551752	1.39254	0.662801	0.337199	3.937135
1728	-2661.234	-3282.142	620.9082	1.617991	1.72933	0.662801	0.337199	3.893532
1734	-2661.64	-3283.534	621.8939	1.789494	1.388615	0.699647	0.300353	3.363473
1740	-2668.508	-3287.294	618.7858	1.452189	1.581766	0.663372	0.336628	5.235925
1746	-2668.053	-3288.109	620.0569	1.618875	1.89872	0.631764	0.368236	4.31667
1752	-2673.451	-3293.21	619.7584	1.850728	1.948918	0.754387	0.245613	4.337172
1758	-2651.923	-3271.632	619.7092	1.521745	1.906209	0.676597	0.323403	4.564716
1764	-2654.347	-3275.045	620.6977	1.648837	1.455079	0.676597	0.323403	4.106266
1770	-2653.635	-3274.645	621.0095	1.73276	1.455079	0.607978	0.392022	3.880078
1776	-2658.663	-3279.515	620.8517	1.914101	1.500962	0.662098	0.337902	3.846983
1782	-2653.439	-3273.362	619.9229	1.690803	1.520695	0.693042	0.306958	4.493477
1788	-2641.187	-3263.142	621.9548	1.866245	1.559991	0.622738	0.377262	3.207063
1794	-2654.62	-3275.342	620.7211	1.678821	1.197864	0.622738	0.377262	4.194153
1800	-2661.25	-3279.847	618.5966	1.479921	1.565307	0.636936	0.363064	5.331572
1806	-2652.054	-3272.591	620.5363	1.617224	1.798442	0.680378	0.319622	4.080995
1812	-2655.504	-3275.233	619.729	1.618091	1.482401	0.725978	0.274022	4.658916
1818	-2644.929	-3265.463	620.5341	1.650396	1.268046	0.594852	0.405148	4.28232
1824	-2648	-3268.098	620.0979	1.474398	1.151498	0.604475	0.395525	4.683696
1830	-2650.079	-3270.217	620.1379	1.486531	1.429865	0.73325	0.26675	4.52546
1836	-2659.841	-3279.83	619.9891	1.635041	1.473299	0.73325	0.26675	4.507221
1842	-2659.555	-3280.687	621.1317	1.494621	1.017322	0.73325	0.26675	4.160667
1848	-2666.534	-3287.336	620.8014	1.517956	1.563473	0.711779	0.288221	4.076588
1854	-2664.823	-3285.707	620.8835	1.637448	1.423368	0.603196	0.396804	4.020535
1860	-2672.044	-3295.13	623.0861	1.687544	1.316948	0.621255	0.378745	2.745336
1866	-2658.668	-3279.497	620.8294	1.508809	1.393191	0.708923	0.291077	4.137893
1872	-2671.799	-3292.4	620.6014	1.555735	1.213689	0.725156	0.274844	4.323942
1878	-2660.171	-3280.259	620.0886	1.488396	1.382749	0.668493	0.331507	4.572543
1884	-2672.333	-3292.421	620.0875	1.531173	1.330127	0.737717	0.262283	4.572543
1890	-2677.765	-3299.83	622.0649	1.631648	1.202749	0.609744	0.390256	3.445369
1896	-2670.983	-3294.658	623.6744	1.798329	1.076419	0.697717	0.302283	2.442574
1902	-2658.809	-3279.122	620.3129	1.661174	1.236138	0.741019	0.258981	4.416424
1908	-2659.499	-3280.54	621.0411	1.750909	1.379856	0.697326	0.302674	3.88461
1914	-2650.037	-3270.718	620.6809	1.715072	1.350889	0.789539	0.210461	4.123985
1920	-2638.239	-3258.354	620.1149	1.654974	1.350889	0.692648	0.307352	4.478225
1926	-2658.967	-3279.405	620.4382	1.605313	1.658856	0.692648	0.307352	4.195784
1932	-2670.413	-3291.076	620.663	1.706856	1.572392	0.654141	0.345859	4.044202
1938	-2692.376	-3311.753	619.3762	1.625292	1.986151	0.695767	0.304233	4.666499
1944	-2673.926	-3293.283	619.3569	1.626475	1.518819	0.671803	0.328197	4.847233
1950	-2652.613	-3272.35	619.7376	1.528045	1.243607	0.729394	0.270606	4.810126
1956	-2660.184	-3280.036	619.8517	1.56504	1.228736	0.627104	0.372896	4.732834
1962	-2669.808	-3289.902	620.0942	1.402592	1.094675	0.721731	0.278269	4.755037
1968	-2665.912	-3287.664	621.7515	1.608401	1.094675	0.647174	0.352826	3.697785
1974	-2662.516	-3282.751	620.2344	1.785708	1.332352	0.72287	0.27713	4.345469
1980	-2652.031	-3272.261	620.2304	1.650794	1.513933	0.727103	0.272897	4.345469
1986	-2660.964	-3281.824	620.8606	1.553883	1.592847	0.729641	0.270359	4.01049
1992	-2647.685	-3267.833	620.148	1.564623	1.54643	0.729641	0.270359	4.427337
1998	-2656.315	-3276.568	620.2536	1.609188	1.745092	0.657962	0.342038	4.265702
2004	-2663.059	-3282.921	619.8623	1.605369	1.569404	0.603885	0.396115	4.555913
2010	-2662.27	-3285.145	622.8756	1.608453	1.114632	0.652999	0.347001	3.026226
2016	-2676.254	-3299.028	622.7741	1.657936	1.172147	0.6894	0.3106	3.026226
2022	-2667.805	-3290.778	622.9735	1.536469	1.086739	0.725367	0.274633	3.026226
2028	-2661.743	-3283.366	621.623	1.515602	1.472246	0.763547	0.236453	3.644089
2034	-2661.211	-3284.317	623.1061	1.562577	1.231369	0.691575	0.308425	2.852586
2040	-2686.212	-3307.628	621.4159	1.661705	1.180878	0.66482	0.33518	3.815442
2046	-2673.065	-3294.359	621.2934	1.662858	1.32466	0.730397	0.269603	3.815442
2052	-2659.102	-3281.201	622.0989	1.837045	1.295214	0.646671	0.353329	3.258743
2058	-2645.336	-3267.045	621.7086	1.77145	1.191432	0.558646	0.441354	3.577367
2064	-2671.111	-3292.66	621.5493	1.907519	1.218235	0.706111	0.293889	3.577367
2070	-2675.525	-3298.124	622.599	1.641803	1.360616	0.609346	0.390654	3.046253
2076	-2677.667	-3298.59	620.9231	1.476486	1.392081	0.758525	0.241475	4.103495
2082	-2684.307	-3304.296	619.9899	1.60154	2.066832	0.657161	0.342839	4.308189
2088	-2673.532	-3295.292	621.76	1.685018	1.49091	0.657161	0.342839	3.457736
2094	-2677.359	-3299.174	621.8155	1.583944	1.637264	0.597445	0.402555	3.423486
2100	-2656.22	-3276.659	620.4395	1.491102	1.515231	0.739727	0.260273	4.316992
2106	-2645.868	-3267.232	621.364	1.577821	1.616414	0.64169	0.35831	3.69805
2112	-2666.492	-3290.303	623.8112	1.846929	1.020321	0.491671	0.508329	2.359693
2118	-2653.912	-3276.64	622.728	1.668061	0.9709132	0.698283	0.301717	3.16184
2124	-2642.233	-3264.762	622.529	1.700971	0.896988	0.722925	0.277075	3.306096
2130	-2644.286	-3266.345	622.059	1.81562	1.272306	0.70921	0.29079	3.306096
2136	-2653.609	-3276.143	622.5342	2.02685	1.562543	0.691608	0.308392	2.761332
2142	-2637.505	-3260.837	623.3316	1.715647	1.089288	0.634648	0.365352	2.699234
2148	-2639.655	-3261.054	621.3997	1.653017	1.601877	0.697845	0.302155	3.639711
2154	-2643.161	-3263.874	620.7126	1.558373	1.088515	0.727104	0.272896	4.323219
2160	-2663.996	-3284.178	620.1819	1.582841	1.508045	0.680145	0.319855	4.413624
2166	-2664.866	-3285.012	620.1463	1.559835	1.508045	0.688537	0.311463	4.446619
2172	-2663.301	-3283.413	620.112	1.669653	1.491087	0.684555	0.315445	4.411106
2178	-2673.644	-3296.284	622.6402	1.645299	1.371035	0.737019	0.262981	3.014533
2184	-2670.005	-3293.11	623.1049	1.596805	1.09299	0.775768	0.224232	2.907417
2190	-2681.346	-3303.325	621.9788	1.734911	1.537258	0.695692	0.304308	3.280123
2196	-2654.403	-3277.626	623.2231	1.734911	1.187045	0.650486	0.349514	2.699577
2202	-2653.335	-3276.078	622.7426	1.392554	1.243213	0.734035	0.265965	3.166483
2208	-2667.068	-3289.989	622.9218	1.556607	1.060708	0.54307	0.45693	3.059898
2214	-2671.359	-3292.082	620.7233	1.643265	1.790918	0.623723	0.376277	3.962119
2220	-2679.876	-3300.216	620.3399	1.680509	1.368264	0.626336	0.373664	4.32916
2226	-2662.446	-3283.381	620.9356	1.566124	1.552248	0.694054	0.305946	3.977032
2232	-2668.532	-3288.25	619.7183	1.604717	2.078663	0.694054	0.305946	4.455844
2238	-2681.236	-3300.626	619.3902	1.612035	1.26451	0.743904	0.256096	4.94706
2244	-2649.604	-3271.309	621.7049	1.767922	1.5098	0.688633	0.311367	3.433328
2250	-2644.482	-3265.904	621.4222	1.518793	1.328168	0.732993	0.267007	3.822628
2256	-2655.281	-3276.098	620.8169	1.507309	1.230099	0.652155	0.347845	4.221308
2262	-2644.253	-3265.359	621.1062	1.641439	1.450017	0.695453	0.304547	3.879176
2268	-2638.764	-3260.985	622.2208	1.637695	1.74502	0.695453	0.304547	3.109841
2274	-2639.67	-3260.734	621.0637	1.621701	1.32772	0.668755	0.331245	3.969453
2280	-2670.637	-3293.266	622.6288	1.700092	1.153931	0.619406	0.380594	3.097554
2286	-2650.977	-3273.303	622.3251	1.638047	1.502518	0.740469	0.259531	3.147378
2292	-2622.435	-3243.457	621.0215	1.348824	1.549812	0.740469	0.259531	4.053097
2298	-2633.497	-3255.861	622.3642	1.703803	1.451593	0.675987	0.324013	3.107469
2304	-2637.089	-3257.721	620.6315	1.59419	1.440389	0.712284	0.287716	4.181266
2310	-2661.821	-3282.329	620.5086	1.582299	1.440389	0.633062	0.366938	4.257743
2316	-2661.123	-3281.53	620.4071	1.55654	1.395447	0.710522	0.289478	4.349216
2322	-2657.03	-3278.374	621.3434	1.729835	1.427561	0.76318	0.23682	3.70142
2328	-2645.726	-3267.337	621.6112	1.751076	1.463577	0.565536	0.434464	3.517858
2334	-2653.948	-3275.309	621.3601	1.745338	1.672703	0.591509	0.408491	3.58089
2340	-2646.22	-3267.329	621.1091	1.620839	1.452613	0.684047	0.315953	3.888182
2346	-2648.253	-3270.483	622.2296	1.736727	1.475233	0.593501	0.406499	3.157428
2352	-2635.323	-3256.085	620.762	1.669244	1.581922	0.584044	0.415956	4.005292
2358	-2640.556	-3261.214	620.6576	1.5473	1.715541	0.792877	0.207123	4.082406
2364	-2649.754	-3268.971	619.2167	1.588024	1.572988	0.755116	0.244884	4.925063
2370	-2633.773	-3253.063	619.2899	1.572828	1.697151	0.682847	0.317153	4.845252
2376	-2644.404	-3262.849	618.4452	1.433884	1.697151	0.701989	0.298011	5.390416
2382	-2645.276	-3265.299	620.0225	1.680773	1.537704	0.711139	0.288861	4.436114
2388	-2663.245	-3283.576	620.3317	1.492088	1.419974	0.603995	0.396005	4.417487
2394	-2682.488	-3303.516	621.0277	1.548975	1.387516	0.564017	0.435983	4.004472
2400	-2666.435	-3286.174	619.7394	1.548975	1.35505	0.652056	0.347944	4.746416
2406	-2662.558	-3284.357	621.7988	1.623003	1.369472	0.652056	0.347944	3.52528
2412	-2668.741	-3289.168	620.4274	1.56897	1.33352	0.712543	0.287457	4.358348
2418	-2662.338	-3283.256	620.9184	1.422395	1.164071	0.636624	0.363376	4.244587
2424	-2661.853	-3284.729	622.876	1.685897	1.398724	0.591014	0.408986	2.834809
2430	-2672.805	-3295.029	622.2239	1.512738	1.317278	0.621395	0.378605	3.365519
2436	-2685.362	-3307.167	621.8049	1.374599	1.127731	0.641928	0.358072	3.784275
2442	-2678.784	-3300.363	621.5787	1.486639	1.286501	0.579424	0.420576	3.770621
2448	-2669.105	-3292.312	623.2068	1.656064	1.286501	0.724766	0.275234	2.705918
2454	-2649.705	-3272.918	623.2135	1.574197	1.510486	0.749493	0.250507	2.645292
2460	-2658.002	-3277.072	619.07	1.516677	1.453764	0.657684	0.342316	5.09451
2466	-2671.089	-3290.209	619.1204	1.519532	1.45886	0.736284	0.263716	5.062865
2472	-2674.255	-3292.567	618.3123	1.345217	2.100587	0.716023	0.283977	5.376277
2478	-2686.935	-3305.937	619.0025	1.489463	1.484357	0.716023	0.283977	5.134354
2484	-2652.754	-3271.023	618.2688	1.33046	1.484357	0.763062	0.236938	5.626456
2490	-2644.062	-3263.019	618.9565	1.507163	1.809409	0.683966	0.316034	5.026667
2496	-2668.068	-3286.79	618.7221	1.567778	2.099988	0.699792	0.300208	5.026667
2502	-2645.53	-3266.568	621.0378	1.611363	1.416255	0.651735	0.348265	3.950305
2508	-2635.416	-3256.334	620.9182	1.815214	1.57836	0.640573	0.359427	3.833572
2514	-2642.997	-3262.792	619.7951	1.619299	1.57836	0.663952	0.336048	4.582289
2520	-2677.578	-3299.568	621.9901	1.564964	1.14256	0.602922	0.397078	3.559054
2526	-2668.31	-3288.801	620.4903	1.583326	1.621647	0.593919	0.406081	4.193177
2532	-2704.853	-3325.065	620.212	1.68674	1.471473	0.775376	0.224624	4.353232
2538	-2693.01	-3312.856	619.8461	1.644036	1.844091	0.625003	0.374997	4.440518
2544	-2676.912	-3297.494	620.5815	1.546664	1.504301	0.722273	0.277727	4.209583
2550	-2675.891	-3296.484	620.5929	1.522051	1.812445	0.722273	0.277727	4.09789
2556	-2672.55	-3295.067	622.5166	1.50416	0.963361	0.730095	0.269905	3.387898
2562	-2666.747	-3287.951	621.2041	1.861133	1.883472	0.641506	0.358494	3.525321
2568	-2672.938	-3294.426	621.4877	1.66364	1.883472	0.664686	0.335314	3.475128
2574	-2684.349	-3303.376	619.0262	1.423327	1.883472	0.798167	0.201833	5.008795
2580	-2694.048	-3316.403	622.3551	1.581191	1.322219	0.570098	0.429902	3.245531
2586	-2680.563	-3302.313	621.7499	1.526952	1.4952	0.763406	0.236594	3.553931
2592	-2670.926	-3292.037	621.1106	1.577682	1.511419	0.790907	0.209093	3.887082
2598	-2666.742	-3287.316	620.5732	1.733228	1.496433	0.668394	0.331606	4.111568
2604	-2658.988	-3280.406	621.4176	1.66936	1.627338	0.635579	0.364421	3.609601
2610	-2671.486	-3292.97	621.484	1.623809	1.364218	0.657735	0.342265	3.709861
2616	-2670.159	-3292.752	622.593	1.735759	1.364218	0.761953	0.238047	2.991808
2622	-2664.202	-3285.462	621.2595	1.437957	1.398378	0.732124	0.267876	3.930555
2628	-2666.448	-3288.721	622.273	1.458747	1.250694	0.691133	0.308867	3.400738
2634	-2651.329	-3273.38	622.0514	1.623655	2.081271	0.659139	0.340861	3.097233
2640	-2661.928	-3282.621	620.6931	1.769045	1.749691	0.641896	0.358104	3.922591
2646	-2670.248	-3292.456	622.2076	1.705437	1.657927	0.629376	0.370624	3.111913
2652	-2667.546	-3290.304	622.7579	1.552164	1.148175	0.640299	0.359701	3.111913
2658	-2656.269	-3277.845	621.5758	1.515542	1.169422	0.666909	0.333091	3.813395
2664	-2676.939	-3299.178	622.2393	1.634903	1.11072	0.65065	0.34935	3.389651
2670	-2658.653	-3280.121	621.4685	1.585014	1.100621	0.753934	0.246066	3.871088
2676	-2654.36	-3275.702	621.3417	1.328268	1.426641	0.681273	0.318727	3.933883
2682	-2645.753	-3267.029	621.2762	1.573226	1.426641	0.732421	0.267579	3.830875
2688	-2649.649	-3271.068	621.4185	1.679943	1.462166	0.732075	0.267925	3.671699
2694	-2657.628	-3279.143	621.5155	1.724897	1.281875	0.679837	0.320163	3.671699
2700	-2643.047	-3263.625	620.5789	1.594083	1.71461	0.639905	0.360095	4.100951
2706	-2661.944	-3282.65	620.7059	1.594083	1.402732	0.621104	0.378896	4.155431
2712	-2646.924	-3267.653	620.7288	1.464516	1.870726	0.670909	0.329091	4.032424
2718	-2661.194	-3279.753	618.5592	1.498936	1.558624	0.707175	0.292825	5.344347
2724	-2650.321	-3272.183	621.8618	1.744947	1.699945	0.609849	0.390151	3.276757
2730	-2675.603	-3294.193	618.5898	1.482324	1.347885	0.749598	0.250402	5.424083
2736	-2677.661	-3296.943	619.2816	1.454061	1.913637	0.640332	0.359668	4.839305
2742	-2662.556	-3283.794	621.2375	1.616287	1.643564	0.69946	0.30054	3.738139
2748	-2672.84	-3294.544	621.7039	1.804282	1.643564	0.589489	0.410511	3.357162
2754	-2662.591	-3283.956	621.3645	1.761894	1.470169	0.729245	0.270755	3.65206
2760	-2664.605	-3284.942	620.337	1.522479	1.334879	0.652264	0.347736	4.434954
2766	-2646.908	-3267.544	620.6358	1.587218	1.336146	0.639884	0.360116	4.228894
2772	-2655.699	-3275.91	620.2112	1.5277	1.575421	0.65171	0.34829	4.400844
2778	-2664.746	-3284.342	619.5959	1.567438	1.787462	0.70158	0.29842	4.644234
2784	-2652.745	-3271.834	619.0895	1.43469	1.721004	0.70158	0.29842	5.024788
2790	-2648.214	-3268.187	619.9734	1.411444	1.120445	0.71049	0.28951	4.804223
2796	-2662.49	-3280.993	618.5036	1.415606	1.442988	0.765894	0.234106	5.467643
2802	-2670.88	-3289.5	618.6199	1.463225	1.238512	0.742432	0.257568	5.467643
2808	-2670.711	-3290.363	619.6527	1.510285	1.395659	0.712502	0.287498	4.798614
2814	-2655.623	-3275.108	619.4855	1.44314	1.74568	0.631765	0.368235	4.790639
2820	-2664.957	-3283.077	618.1193	1.533084	1.688301	0.755521	0.244479	5.518411
2826	-2664.893	-3283.538	618.6451	1.35903	1.458963	0.628584	0.371416	5.414268
2832	-2652.099	-3271.665	619.5668	1.388717	1.371887	0.668371	0.331629	4.924624
2838	-2655.658	-3275.404	619.7454	1.497849	2.052238	0.762002	0.237998	4.509258
2844	-2662.927	-3282.534	619.6062	1.425703	1.824593	0.655665	0.344335	4.704614
2850	-2648.351	-3268.074	619.7235	1.517562	1.515659	0.505053	0.494947	4.704614
2856	-2642.257	-3261.994	619.7374	1.517562	1.579195	0.724585	0.275415	4.671326
2862	-2682.29	-3302.681	620.3908	1.603267	1.548506	0.712949	0.287051	4.267465
2868	-2674.578	-3295.123	620.5446	1.683083	1.647395	0.653119	0.346881	4.095491
2874	-2683.04	-3302.953	619.9134	1.777929	2.593886	0.73809	0.26191	4.095491
2880	-2661.219	-3278.352	617.1333	1.437535	1.833062	0.757293	0.242707	6.059017
2886	-2667.703	-3285.539	617.8364	1.307405	1.257261	0.61181	0.38819	5.973594
2892	-2662.225	-3280.535	618.3096	1.417734	1.375886	0.672814	0.327186	5.601534
2898	-2677.486	-3297.635	620.1486	1.529391	1.375886	0.724118	0.275882	4.518821
2904	-2664.711	-3283.09	618.379	1.372782	1.689492	0.616182	0.383818	5.463299
2910	-2670.49	-3289.878	619.3875	1.419268	2.289668	0.5951	0.4049	4.680835
2916	-2675.267	-3294.022	618.7555	1.413653	2.247546	0.696525	0.303475	5.048664
2922	-2659.265	-3278.26	618.9945	1.459014	1.613898	0.77512	0.22488	5.104208
2928	-2664.838	-3283.304	618.4657	1.589443	1.933002	0.756989	0.243011	5.210672
2934	-2642.598	-3261.258	618.66	1.537514	1.707835	0.724516	0.275484	5.210672
2940	-2666.342	-3284.634	618.2923	1.517904	2.37463	0.749024	0.250976	5.210672
2946	-2661.818	-3282.745	620.9267	1.724015	1.580123	0.749024	0.250976	3.880352
2952	-2642.239	-3263.171	620.932	1.61025	1.677879	0.66835	0.33165	3.903973
2958	-2659.811	-3280.689	620.8772	1.65647	1.454704	0.66835	0.33165	3.99965
2964	-2659.925	-3280.111	620.1853	1.612389	1.614787	0.688411	0.311589	4.35214
2970	-2659.159	-3281.561	622.4019	1.765184	1.725739	0.696265	0.303735	2.932562
2976	-2664.786	-3286.412	621.6261	1.772073	1.405237	0.784014	0.215986	3.522776
2982	-2664.118	-3284.188	620.0701	1.648298	1.100052	0.652674	0.347326	4.628251
2988	-2663.011	-3283.579	620.568	1.619484	1.462992	0.724943	0.275057	4.193268
2994	-2674.868	-3297.025	622.1563	1.890187	1.180397	0.685516	0.314484	3.251199
3000	-2674.639	-3297.365	622.726	1.804606	1.835446	0.685516	0.314484	2.668292
3006	-2662.665	-3284.935	622.2699	1.77423	1.507807	0.6747	0.3253	3.09685
3012	-2659.794	-3280.854	621.0599	1.722601	1.788738	0.724528	0.275472	3.723802
3018	-2676.165	-3297.378	621.2123	1.714456	1.452901	0.561713	0.438287	3.7749
3024	-2665.071	-3288.208	623.1368	1.679226	1.155179	0.683742	0.316258	2.803606
3030	-2657.44	-3279.454	622.0139	1.918773	1.417543	0.774468	0.225532	3.203234
3036	-2643.201	-3263.738	620.5377	1.578009	1.330114	0.751111	0.248889	4.292461
3042	-2645.683	-3265.719	620.0366	1.625167	1.330114	0.760929	0.239071	4.548375
3048	-2655.433	-3276.168	620.7347	1.585688	1.467403	0.720058	0.279942	4.115895
3054	-2677.532	-3297.813	620.2807	1.755962	1.705475	0.675691	0.324309	4.181896
3060	-2657.85	-3278.739	620.8893	1.637279	1.268389	0.689147	0.310853	4.087916
3066	-2648.261	-3269.419	621.1575	1.579687	1.034614	0.67665	0.32335	4.087916
3072	-2666.898	-3288.016	621.118	1.548806	1.155456	0.65589	0.34411	4.063676
3078	-2660.129	-3281.445	621.3156	1.66911	1.245896	0.705815	0.294185	3.836578
3084	-2667.701	-3287.98	620.2798	1.444916	1.686581	0.468285	0.531715	4.365688
3090	-2656.474	-3278.1	621.6266	1.635969	1.081054	0.689822	0.310178	3.761343
3096	-2631.017	-3253.222	622.2042	1.910437	1.328848	0.752952	0.247048	3.136627
3102	-2633.691	-3255.618	621.9265	1.880339	1.541959	0.729101	0.270899	3.223109
3108	-2634.617	-3254.835	620.2182	1.696047	1.59587	0.625345	0.374655	4.293641
3114	-2676.62	-3297.706	621.0863	1.645535	1.457265	0.644027	0.355973	3.885093
3120	-2660.389	-3282.427	622.0378	1.783995	1.415594	0.703339	0.296661	3.269742
3126	-2651.344	-3271.684	620.3401	1.508828	1.507736	0.682919	0.317081	4.366246
3132	-2650.412	-3272.105	621.6935	1.680441	1.186312	0.682919	0.317081	3.641599
3138	-2652.928	-3273.413	620.4852	1.556072	1.356967	0.6915	0.3085	4.322428
3144	-2669.806	-3291.88	622.074	1.751836	1.102964	0.739224	0.260776	3.422184
3150	-2656.08	-3278.606	622.5259	1.793969	1.255318	0.765536	0.234464	3.050379
3156	-2649.674	-3272.981	623.3064	1.653251	1.183272	0.693162	0.306838	2.700592
3162	-2665.194	-3286.878	621.6848	1.592631	1.362799	0.693978	0.306022	3.612277
3168	-2657.518	-3278.947	621.4295	1.650514	1.459209	0.618673	0.381327	3.683682
3174	-2650.109	-3271.029	620.9196	1.696091	1.471981	0.667266	0.332734	3.945386
3180	-2657.737	-3279.779	622.0428	1.872056	1.261108	0.691956	0.308044	3.287918
3186	-2660.967	-3282.968	622.0011	1.913768	1.261108	0.695532	0.304468	3.287918
3192	-2685.454	-3307.413	621.9584	1.664217	1.32415	0.706727	0.293273	3.429108
3198	-2662.849	-3284.556	621.7068	1.762104	1.454275	0.721853	0.278147	3.459707
3204	-2655.452	-3276.793	621.3404	1.745531	1.68808	0.708378	0.291622	3.586266
3210	-2662.437	-3283.265	620.8279	1.467268	1.06893	0.73592	0.26408	4.319997
3216	-2670.956	-3292.864	621.9074	1.580045	1.37193	0.563028	0.436972	3.485855
3222	-2658.765	-3279.364	620.599	1.711131	1.623827	0.643258	0.356742	4.057735
3228	-2673.99	-3294.681	620.6914	1.711131	1.442864	0.730454	0.269546	4.07961
3234	-2657.271	-3277.66	620.3887	1.647121	1.809665	0.698872	0.301128	4.143916
3240	-2677.004	-3295.499	618.4946	1.519745	1.517826	0.607054	0.392946	5.384648
3246	-2669.68	-3289.874	620.1944	1.385211	1.807845	0.784039	0.215961	4.402928
3252	-2659.856	-3281.242	621.386	1.708175	1.519802	0.748308	0.251692	3.649535
3258	-2653.327	-3274.178	620.8509	1.698884	2.052418	0.806893	0.193107	3.765843
3264	-2638.984	-3260.161	621.1777	1.499673	1.296593	0.68009	0.31991	3.988539
3270	-2662.005	-3282.024	620.0191	1.623993	1.407798	0.606456	0.393544	4.524443
3276	-2662.554	-3282.497	619.9422	1.467931	1.736085	0.633858	0.366142	4.524443
3282	-2680.893	-3300.747	619.8536	1.587757	1.695931	0.622224	0.377776	4.521828
3288	-2676.31	-3296.35	620.0406	1.617845	1.453003	0.666572	0.333428	4.496474
3294	-2683.807	-3303.557	619.7501	1.454403	1.95752	0.604746	0.395254	4.562195
3300	-2651.488	-3270.82	619.3321	1.525352	1.301325	0.695776	0.304224	5.010595
3306	-2658.074	-3277.256	619.1816	1.613359	1.379334	0.641448	0.358552	5.010595
3312	-2661.572	-3281.682	620.1107	1.538941	1.19005	0.657133	0.342867	4.621189
3318	-2674.124	-3295.041	620.917	1.694488	1.557587	0.716849	0.283151	3.912012
3324	-2665.136	-3287.688	622.5517	1.679183	1.758849	0.771485	0.228515	2.880935
3330	-2676.908	-3298.784	621.8761	1.671502	1.935415	0.554592	0.445408	3.223623
3336	-2678.654	-3298.473	619.8189	1.550251	1.430983	0.715726	0.284274	4.668184
3342	-2685.743	-3308.021	622.278	1.679317	1.654541	0.642929	0.357071	3.086888
3348	-2680.052	-3303.072	623.0206	1.728945	1.654541	0.670735	0.329265	2.606135
3354	-2666.449	-3286.748	620.3	1.525744	1.527853	0.663944	0.336056	4.371067
3360	-2659.752	-3281.591	621.8392	1.765483	1.719005	0.65672	0.34328	3.270512
3366	-2648.748	-3269.379	620.631	1.665534	1.745022	0.53641	0.46359	4.019113
3372	-2667.603	-3288.21	620.6068	1.688911	1.398425	0.631319	0.368681	4.159766
3378	-2689.733	-3311.358	621.6247	1.539592	1.775175	0.71503	0.28497	3.50731
3384	-2679.888	-3301.288	621.3999	1.499423	1.386863	0.661316	0.338684	3.81983
3390	-2669.693	-3290.339	620.6467	1.47367	1.395759	0.739501	0.260499	4.260431
3396	-2679.992	-3300.162	620.1692	1.508158	1.553821	0.739501	0.260499	4.444199
3402	-2676.66	-3296.32	619.6608	1.583914	1.692251	0.727406	0.272594	4.633567
3408	-2667.389	-3287.459	620.07	1.513232	1.241418	0.727406	0.272594	4.633567
3414	-2684.212	-3304.437	620.2251	1.515455	1.351932	0.669907	0.330093	4.494234
3420	-2676.13	-3296.136	620.0055	1.631203	1.487524	0.673303	0.326697	4.494234
3426	-2675.345	-3293.804	618.4589	1.497172	1.564587	0.674036	0.325964	5.398248
3432	-2691.025	-3312.66	621.6351	1.597079	1.035677	0.733598	0.266402	3.803883
3438	-2662.414	-3284.3	621.8858	1.725376	1.307732	0.733598	0.266402	3.443593
3444	-2672.311	-3291.83	619.5189	1.569296	1.817884	0.742194	0.257806	4.675489
3450	-2680.323	-3301.721	621.3981	1.896545	1.564366	0.701755	0.298245	3.514439
3456	-2665.797	-3287.487	621.6899	1.731614	1.564366	0.835244	0.164756	3.440367
3462	-2670.773	-3290.355	619.5824	1.658348	1.808534	0.724013	0.275987	4.593295
3468	-2663.645	-3283.335	619.6895	1.613132	1.713084	0.799283	0.200717	4.593295
3474	-2654.7	-3275.14	620.4405	1.64342	1.605258	0.66371	0.33629	4.193773
3480	-2668.008	-3288.391	620.3836	1.671652	1.848552	0.622925	0.377075	4.118979
3486	-2646.801	-3268.035	621.2338	1.693522	1.522715	0.564965	0.435035	3.744783
3492	-2640.779	-3261.99	621.2114	1.726864	1.507794	0.713757	0.286243	3.744783
3498	-2662.091	-3282.804	620.713	1.743639	1.912284	0.713757	0.286243	3.867071
3504	-2667.689	-3288.926	621.2369	1.668588	1.422768	0.586042	0.413958	3.800283
3510	-2657.18	-3278.418	621.2376	1.597633	1.517008	0.621448	0.378552	3.800283
3516	-2666.422	-3286.713	620.2914	1.470677	1.517008	0.617503	0.382497	4.411432
3522	-2663.84	-3284.188	620.348	1.653321	1.517008	0.72065	0.27935	4.276232
3528	-2663.047	-3283.362	620.3156	1.70444	1.814468	0.767769	0.232231	4.151154
3534	-2656.227	-3278.232	622.0043	1.768272	1.141589	0.626647	0.373353	3.432684
3540	-2673.45	-3295.649	622.1998	1.821999	1.320185	0.676947	0.323053	3.195941
3546	-2659.637	-3279.359	619.7218	1.635214	1.511936	0.598569	0.401431	4.641203
3552	-2645.391	-3265.346	619.9546	1.636141	1.511936	0.745238	0.254762	4.509965
3558	-2640.941	-3261.502	620.5612	1.489875	1.512762	0.656649	0.343351	4.249802
3564	-2652.829	-3273.872	621.0428	1.74216	1.316502	0.671603	0.328397	3.917619
3570	-2652.677	-3273.531	620.854	1.631529	1.424508	0.7553	0.2447	4.040257
3576	-2661.823	-3283.02	621.1969	1.697959	1.861418	0.701033	0.298967	3.632309
3582	-2667.704	-3289.731	622.0275	1.812342	1.611822	0.798671	0.201329	3.174274
3588	-2673.05	-3295.212	622.1624	1.877574	1.444239	0.719796	0.280204	3.127485
3594	-2684.039	-3304.231	620.1916	1.757712	2.211476	0.724841	0.275159	4.059232
3600	-2662.949	-3286.099	623.15	1.791936	1.354326	0.609235	0.390765	2.623477
3606	-2662.853	-3284.449	621.5963	1.683922	1.342953	0.650481	0.349519	3.619798
3612	-2660.42	-3281.412	620.992	1.758276	1.342953	0.650481	0.349519	3.925313
3618	-2668.675	-3289.339	620.6642	1.769664	1.32758	0.655414	0.344586	4.113058
3624	-2655.811	-3277.118	621.3067	1.744794	1.291498	0.686067	0.313933	3.776235
3630	-2654.653	-3276.126	621.4733	1.432085	1.190633	0.686067	0.313933	3.909446
3636	-2660.686	-3282.755	622.0689	1.661487	1.437425	0.686067	0.313933	3.313793
3642	-2681.72	-3301.919	620.1985	1.577567	1.625605	0.698338	0.301662	4.360076
3648	-2672.022	-3293.198	621.1757	1.633136	1.37304	0.749055	0.250945	3.87804
3654	-2650.938	-3271.991	621.0532	1.722771	1.64278	0.637352	0.362648	3.783313
3660	-2664.203	-3285.266	621.0627	1.805898	1.632072	0.573019	0.426981	3.73414
3666	-2659.371	-3280.067	620.6962	1.599073	1.477467	0.692279	0.307721	4.125908
3672	-2637.856	-3258.726	620.8693	1.627657	1.609141	0.664241	0.335759	3.956807
3678	-2646.233	-3267.748	621.5152	1.62375	1.363607	0.699827	0.300173	3.692116
3684	-2642.822	-3263.501	620.6791	1.575656	1.691672	0.699827	0.300173	4.063042
3690	-2662.213	-3285.243	623.0302	1.689695	0.9521448	0.770542	0.229458	2.979968
3696	-2668.345	-3289.361	621.0162	1.685596	1.869568	0.761198	0.238802	3.741056
3702	-2658.411	-3278.567	620.1566	1.576145	2.352879	0.649021	0.350979	4.139976
3708	-2657.49	-3277.258	619.7682	1.73724	2.475963	0.635038	0.364962	4.233744
3714	-2641.995	-3262.491	620.4957	1.724464	1.840526	0.711695	0.288305	4.027841
3720	-2635.965	-3257.269	621.3035	1.722286	1.667491	0.691723	0.308277	3.629179
3726	-2642.566	-3264.376	621.8101	1.780458	1.201192	0.746041	0.253959	3.508066
3732	-2653.017	-3275.994	622.977	1.815443	1.006919	0.573692	0.426308	2.902721
3738	-2663.022	-3285.288	622.266	1.700411	1.158354	0.762072	0.237928	3.309996
3744	-2663.085	-3283.717	620.6315	1.700411	1.549854	0.807476	0.192524	4.075008
3750	-2663.544	-3284.033	620.4885	1.630793	1.503816	0.852379	0.147621	4.214809
3756	-2656.188	-3275.388	619.1999	1.547606	1.578247	0.669522	0.330478	4.954863
3762	-2666.281	-3288.145	621.8641	1.698962	1.267283	0.697036	0.302964	3.49125
3768	-2661.467	-3283.206	621.7395	1.863052	1.14182	0.8099	0.1901	3.531788
3774	-2652.891	-3273.723	620.8323	1.759424	1.185045	0.614996	0.385004	4.091475
3780	-2667.335	-3287.531	620.1966	1.509679	1.592129	0.774374	0.225626	4.412616
3786	-2662.493	-3282.024	619.5304	1.481284	1.592129	0.68103	0.31897	4.80221
3792	-2677.492	-3298.379	620.8867	1.636735	1.389013	0.623134	0.376866	4.034217
3798	-2676.577	-3296.347	619.7707	1.497638	1.434186	0.790808	0.209192	4.723219
3804	-2677.946	-3298.302	620.3558	1.505078	1.737254	0.643772	0.356228	4.269682
3810	-2679.473	-3297.625	618.1522	1.229816	1.432103	0.701292	0.298708	5.767015
3816	-2663.032	-3282.842	619.8094	1.318216	1.149532	0.755208	0.244792	4.932839
3822	-2648.934	-3268.817	619.8826	1.494159	1.24681	0.664004	0.335996	4.746607
3828	-2665.511	-3286.162	620.6517	1.479909	1.340749	0.720722	0.279278	4.278618
3834	-2650.137	-3270.774	620.6365	1.578135	1.435116	0.704012	0.295988	4.189816
3840	-2644.901	-3266.317	621.4158	1.727262	1.942172	0.730086	0.269914	3.459103
3846	-2639.987	-3259.555	619.5685	1.610837	1.942172	0.628175	0.371825	4.58147
3852	-2657.807	-3278.771	620.9642	1.615612	1.398278	0.657444	0.342556	3.997908
3858	-2647.714	-3269.186	621.4723	1.689473	1.332083	0.686057	0.313943	3.693481
3864	-2672.391	-3293.68	621.2886	1.634908	1.025829	0.727911	0.272089	3.986472
3870	-2656.848	-3277.917	621.0693	1.544491	1.336298	0.727911	0.272089	4.006462
3876	-2668.555	-3289.296	620.7409	1.686305	1.508349	0.727911	0.272089	4.03777
3882	-2667.65	-3288.092	620.4427	1.510558	1.03646	0.757938	0.242062	4.530366
3888	-2678.663	-3299.071	620.4082	1.588103	1.350837	0.745359	0.254641	4.350584
3894	-2664.402	-3285.39	620.9878	1.583313	1.270076	0.719198	0.280802	4.061717
3900	-2674.557	-3295.441	620.8844	1.581455	1.509394	0.712365	0.287635	4.015253
3906	-2668.912	-3290.644	621.7321	1.695428	1.449061	0.720067	0.279933	3.486186
3912	-2660.294	-3280.241	619.9469	1.48313	1.284647	0.750346	0.249654	4.699063
3918	-2666.94	-3286.654	619.7138	1.377746	1.352579	0.606657	0.393343	4.85733
3924	-2644.137	-3263.621	619.4847	1.554908	1.352579	0.597121	0.402879	4.886266
3930	-2648.178	-3266.878	618.6999	1.466796	1.352579	0.672984	0.327016	5.369951
3936	-2646.183	-3266.095	619.9122	1.434895	1.581104	0.686646	0.313354	4.618926
3942	-2644.387	-3264.715	620.3284	1.571445	1.404548	0.692387	0.307613	4.38126
3948	-2664.986	-3285.856	620.8699	1.560121	1.404548	0.638562	0.361438	4.08061
3954	-2672.412	-3291.292	618.8796	1.410729	1.385341	0.643442	0.356558	5.287466
3960	-2657.962	-3276.903	618.9405	1.459487	1.250229	0.68967	0.31033	5.287466
3966	-2656.019	-3275.487	619.4682	1.408991	1.356293	0.685491	0.314509	4.975029
3972	-2676.67	-3296.233	619.5631	1.407801	1.645309	0.666697	0.333303	4.80447
3978	-2651.042	-3270.081	619.0391	1.526392	1.899611	0.666697	0.333303	4.938851
3984	-2650.836	-3270.65	619.8149	1.5741	1.417562	0.733127	0.266873	4.662822
3990	-2641.73	-3262.251	620.521	1.351909	1.236796	0.684381	0.315619	4.473099
3996	-2643.465	-3261.501	618.0362	1.469798	1.317683	0.626053	0.373947	5.74833
4002	-2646.803	-3266.869	620.0661	1.590733	1.267896	0.652604	0.347396	4.579811
4008	-2663.435	-3283.8	620.3651	1.553684	1.132647	0.718988	0.281012	4.498843
4014	-2666.493	-3286.923	620.4302	1.636754	1.378938	0.644528	0.355472	4.298073
4020	-2686.101	-3307.453	621.3514	1.866389	1.61316	0.629072	0.370928	3.53925
4026	-2665.733	-3287.75	622.0171	1.82993	1.283217	0.67397	0.32603	3.317025
4032	-2655.056	-3277.061	622.0055	1.710964	1.882575	0.715837	0.284163	3.142557
4038	-2685.47	-3307.185	621.7144	1.799854	1.850354	0.619384	0.380616	3.274147
4044	-2657.244	-3278.351	621.1071	1.826415	1.534271	0.716234	0.283766	3.736417
4050	-2679.184	-3298.843	619.6595	1.490233	1.340621	0.62386	0.37614	4.830231
4056	-2681.96	-3302.165	620.2051	1.561622	1.376382	0.59099	0.40901	4.468647
4062	-2676.587	-3296.993	620.4057	1.604413	1.596436	0.730607	0.269393	4.239156
4068	-2693.15	-3313.451	620.3014	1.805952	2.172887	0.696202	0.303798	3.981031
4074	-2664.715	-3285.679	620.9637	1.685108	1.178751	0.616527	0.383473	4.062124
4080	-2652.617	-3274.635	622.018	1.931259	1.547625	0.635658	0.364342	3.136186
4086	-2645.57	-3267.224	621.6533	1.843365	1.590429	0.604134	0.395866	3.385568
4092	-2671.332	-3292.48	621.148	1.690187	1.377604	0.723042	0.276958	3.859145
4098	-2671.226	-3291.834	620.6085	1.690187	1.491656	0.709126	0.290874	4.118013
4104	-2661.193	-3280.626	619.4336	1.440917	1.13019	0.6951	0.3049	5.083185
4110	-2647.499	-3267.829	620.3308	1.642298	1.511187	0.686182	0.313818	4.294602
4116	-2654.751	-3275.289	620.538	1.546967	1.363819	0.715608	0.284392	4.294602
4122	-2653.159	-3273.721	620.5616	1.604144	1.376546	0.730083	0.269917	4.243176
4128	-2680.318	-3300.986	620.6676	1.561863	1.297213	0.661199	0.338801	4.243176
4134	-2663.99	-3285.031	621.0407	1.728033	1.382238	0.739996	0.260004	3.896925
4140	-2662.399	-3283.065	620.6662	1.684345	1.659742	0.700178	0.299822	4.020648
4146	-2657.781	-3278.419	620.6382	1.691078	1.659742	0.698392	0.301608	4.032794
4152	-2661.311	-3282.096	620.785	1.604824	1.559467	0.605831	0.394169	4.038023
4158	-2677.178	-3297.342	620.1638	1.66779	2.081273	0.752438	0.247562	4.167337
4164	-2664.327	-3284.49	620.1631	1.538434	1.15025	0.749617	0.250383	4.611907
4170	-2656.563	-3276.407	619.844	1.558218	1.521646	0.749617	0.250383	4.611907
4176	-2644.728	-3263.731	619.0025	1.531783	1.378936	0.676448	0.323552	5.155378
4182	-2638.662	-3258.484	619.8224	1.645805	1.961988	0.599131	0.400869	4.412314
4188	-2644.833	-3265.204	620.3706	1.699187	1.629249	0.683602	0.316398	4.192397
4194	-2657.382	-3278.749	621.3677	1.747216	1.453639	0.654957	0.345043	3.665886
4200	-2661.884	-3283.171	621.2874	1.647679	1.200016	0.754591	0.245409	3.887724
4206	-2673.312	-3294.301	620.9893	1.698985	1.440448	0.677032	0.322968	3.917345
4212	-2679.696	-3300.629	620.9328	1.618742	1.352174	0.682549	0.317451	4.034714
4218	-2696.207	-3316.634	620.4276	1.676249	1.397376	0.653645	0.346355	4.269076
4224	-2679.847	-3301.415	621.5686	1.799477	1.468518	0.748091	0.251909	3.512314
4230	-2660.988	-3282.435	621.4475	1.812691	1.59146	0.793817	0.206183	3.523404
4236	-2646.906	-3268.713	621.8074	1.59878	1.49937	0.703039	0.296961	3.476765
4242	-2643.056	-3266.222	623.1659	1.590031	1.140709	0.769853	0.230147	2.848015
4248	-2647.909	-3269.565	621.6558	1.579819	1.587465	0.768016	0.231984	3.539334
4254	-2672.067	-3291.88	619.813	1.403299	1.531841	0.589825	0.410175	4.711892
4260	-2650.827	-3272.571	621.744	1.654316	1.431103	0.55111	0.44889	3.511132
4266	-2662.24	-3283.723	621.4836	1.745439	1.498116	0.643605	0.356395	3.580511
4272	-2653.011	-3274.83	621.8194	1.556972	1.498116	0.742781	0.257219	3.494716
4278	-2657.328	-3278.059	620.7312	1.562452	1.205159	0.58057	0.41943	4.250859
4284	-2665.173	-3286.41	621.2372	1.767583	1.408604	0.79937	0.20063	3.749338
4290	-2660.63	-3282.328	621.698	1.62975	1.408604	0.676821	0.323179	3.56225
4296	-2699.47	-3319.49	620.0198	1.681707	1.864373	0.676821	0.323179	4.314028
4302	-2699.995	-3322.298	622.3031	1.550978	1.075003	0.696274	0.303726	3.421044
4308	-2681.576	-3305.621	624.045	1.789358	1.518245	0.626617	0.373383	1.972355
4314	-2678.205	-3299.999	621.7936	1.52915	1.349715	0.663638	0.336362	3.591972
4320	-2695.415	-3317.041	621.6259	1.571109	1.305456	0.677705	0.322295	3.685564
4326	-2670.584	-3292.352	621.7679	1.466114	1.260823	0.690699	0.309301	3.685564
4332	-2680.873	-3301.289	620.416	1.614825	1.663515	0.675498	0.324502	4.201206
4338	-2672.225	-3292.82	620.596	1.541609	1.40722	0.673024	0.326976	4.245639
4344	-2666.704	-3286.529	619.8247	1.625221	2.107878	0.808308	0.191692	4.374999
4350	-2664.96	-3286.328	621.3679	1.662168	1.316367	0.694919	0.305081	3.776825
4356	-2666.81	-3286.361	619.5513	1.423414	1.402377	0.623258	0.376742	4.900702
4362	-2641.365	-3261.449	620.0842	1.436822	1.164029	0.693402	0.306598	4.706113
4368	-2647.453	-3268.091	620.6379	1.382461	1.132708	0.701388	0.298612	4.441653
4374	-2652.911	-3273.637	620.7257	1.575564	1.709081	0.657651	0.342349	4.029903
4380	-2658.871	-3280.193	621.3222	1.585261	1.709081	0.752717	0.247283	3.681613
4386	-2672.573	-3293.599	621.0261	1.614143	1.568775	0.752717	0.247283	3.890984
4392	-2680.903	-3300.127	619.2238	1.446798	1.905637	0.737745	0.262255	4.878295
4398	-2666.724	-3286.354	619.6302	1.446798	1.323802	0.630752	0.369248	4.878295
4404	-2653.696	-3275.135	621.4396	1.636026	1.168371	0.730542	0.269458	3.822988
4410	-2644.273	-3266.053	621.7796	1.779554	1.623343	0.718609	0.281391	3.335371
4416	-2655.503	-3277.121	621.6181	1.879127	1.439151	0.617977	0.382023	3.449797
4422	-2667.925	-3288.88	620.955	1.724765	1.499102	0.68201	0.31799	3.897164
4428	-2648.793	-3269.718	620.9252	1.519272	1.445288	0.790356	0.209644	4.054663
4434	-2639.576	-3260.472	620.8963	1.713799	1.699656	0.701979	0.298021	3.856634
4440	-2673.146	-3294.18	621.0339	1.72077	1.442657	0.683352	0.316648	3.878303
4446	-2667.897	-3288.951	621.0535	1.715344	1.502841	0.678355	0.321645	3.844421
4452	-2647.778	-3266.824	619.0461	1.515543	1.915968	0.727036	0.272964	4.935424
4458	-2655.366	-3275.146	619.7791	1.536071	1.941182	0.727036	0.272964	4.505491
4464	-2680.5	-3300.704	620.2041	1.561749	1.29593	0.694712	0.305288	4.505491
4470	-2660.516	-3280.315	619.7984	1.60273	1.802158	0.771053	0.228947	4.505491
4476	-2647.712	-3268.004	620.2925	1.605119	1.524399	0.612253	0.387747	4.33186
4482	-2653.125	-3272.648	619.5228	1.622993	1.669485	0.688334	0.311666	4.697549
4488	-2659.999	-3281.217	621.2185	1.564097	1.487754	0.621646	0.378354	3.842919
4494	-2662.668	-3283.404	620.7361	1.693487	1.695222	0.722273	0.277727	3.961826
4500	-2654.896	-3275.035	620.1394	1.561426	2.02262	0.740669	0.259331	4.260671
4506	-2665.094	-3285.744	620.6502	1.677837	1.291348	0.679988	0.320012	4.189989
4512	-2656.299	-3276.696	620.3975	1.659748	1.653721	0.6532	0.3468	4.189989
4518	-2652.535	-3272.774	620.2397	1.769321	1.725802	0.662455	0.337545	4.189989
4524	-2660.875	-3281.27	620.3944	1.737294	1.547082	0.697282	0.302718	4.189989
4530	-2646.274	-3267.416	621.1424	1.676755	1.847705	0.719368	0.280632	3.681067
4536	-2673.291	-3294.231	620.9396	1.881556	1.835289	0.760831	0.239169	3.684413
4542	-2641.945	-3261.56	619.6152	1.519595	1.408609	0.744361	0.255639	4.808746
4548	-2656.455	-3276.667	620.2125	1.792685	1.668828	0.7317	0.2683	4.213684
4554	-2658.536	-3280.261	621.7244	1.745024	1.424393	0.7317	0.2683	3.472649
4560	-2658.773	-3280.293	621.5207	1.920865	2.043391	0.723358	0.276642	3.248737
4566	-2649.863	-3271.296	621.4322	1.804006	1.8931	0.771628	0.228372	3.422011
4572	-2671.176	-3292.613	621.4377	1.849749	1.759583	0.750699	0.249301	3.441305
4578	-2683.192	-3302.54	619.3482	1.74183	1.759583	0.773455	0.226545	4.695346
4584	-2690.574	-3312.382	621.8084	1.779519	1.580124	0.696411	0.303589	3.336226
4590	-2677.779	-3298.994	621.2149	1.703742	1.123282	0.740866	0.259134	3.93641
4596	-2675.319	-3297.047	621.7285	1.787277	1.413494	0.718791	0.281209	3.450442
4602	-2661.979	-3283.831	621.8526	1.752034	1.620674	0.667964	0.332036	3.309689
4608	-2660.847	-3282.689	621.8419	1.605896	1.200336	0.667964	0.332036	3.591596
4614	-2664.806	-3284.927	620.1207	1.483305	1.520572	0.587867	0.412133	4.499015
4620	-2672.938	-3293.667	620.7293	1.64193	1.419157	0.614768	0.385232	4.107695
4626	-2684.37	-3305.307	620.9367	1.440516	1.305429	0.575326	0.424674	4.155511
4632	-2671.274	-3292.321	621.0465	1.724261	1.354265	0.803873	0.196127	3.908381
4638	-2676.775	-3298.758	621.9835	1.561067	1.202626	0.705073	0.294927	3.534169
4644	-2673.25	-3294.844	621.5937	1.605843	1.676227	0.705073	0.294927	3.524774
4650	-2671.367	-3291.48	620.1132	1.633577	1.31892	0.632079	0.367921	4.505652
4656	-2682.724	-3303.178	620.4536	1.595109	1.77237	0.847899	0.152101	4.150162
4662	-2648.485	-3270.219	621.7342	1.732425	1.184655	0.712319	0.287681	3.588626
4668	-2656.885	-3279.488	622.6028	1.847451	1.140093	0.644603	0.355397	3.032547
4674	-2650.914	-3271.838	620.9243	1.738185	1.554391	0.593678	0.406322	3.884103
4680	-2678.136	-3297.704	619.5679	1.522449	1.430555	0.692658	0.307342	4.824175
4686	-2645.925	-3265.072	619.1464	1.640861	1.461934	0.717057	0.282943	4.979733
4692	-2660.752	-3280.744	619.9912	1.598202	1.310644	0.717057	0.282943	4.597852
4698	-2667.639	-3288.313	620.6747	1.752316	1.282422	0.701794	0.298206	4.137951
4704	-2662.5	-3283.409	620.909	1.746533	1.545788	0.701794	0.298206	3.891621
4710	-2691.176	-3312.268	621.0922	1.820711	1.49271	0.695884	0.304116	3.765797
4716	-2682.345	-3303.687	621.3421	1.610393	1.439681	0.603961	0.396039	3.765797
4722	-2652.78	-3273.87	621.0892	1.843181	1.630573	0.659972	0.340028	3.69786
4728	-2662.011	-3282.232	620.2217	1.723891	1.559515	0.652609	0.347391	4.290468
4734	-2639.134	-3260.355	621.2212	1.723787	1.448719	0.575772	0.424228	3.766211
4740	-2651.821	-3273.441	621.6194	1.514366	1.130723	0.703766	0.296234	3.809011
4746	-2647.386	-3270.134	622.7473	1.70825	1.040424	0.705928	0.294072	3.085198
4752	-2657.693	-3278.967	621.2747	1.68139	1.271862	0.710736	0.289264	3.840476
4758	-2652.61	-3274.369	621.7594	1.58035	1.379598	0.693277	0.306723	3.568423
4764	-2639.994	-3261.867	621.8737	1.606921	1.247529	0.709237	0.290763	3.548955
4770	-2646.723	-3268.706	621.983	1.66009	1.247529	0.784883	0.215117	3.454203
4776	-2640.294	-3260.736	620.4419	1.394516	1.564585	0.572211	0.427789	4.350143
4782	-2651.617	-3272.134	620.517	1.541902	1.695577	0.735021	0.264979	4.173023
4788	-2620.759	-3242.382	621.6228	1.486291	1.320157	0.735187	0.264813	3.729471
4794	-2650.801	-3272.293	621.4919	1.45606	1.53094	0.714832	0.285168	3.729471
4800	-2648.938	-3270.029	621.0913	1.496559	1.660479	0.714832	0.285168	3.884521
4806	-2629.009	-3250.693	621.684	1.591157	1.455326	0.667911	0.332089	3.572156
4812	-2638.349	-3259.144	620.796	1.527803	1.331623	0.736609	0.263391	4.173794
4818	-2655.413	-3275.402	619.989	1.42013	1.53647	0.566778	0.433222	4.602009
4824	-2669.278	-3291.01	621.7325	1.496854	1.56729	0.699178	0.300822	3.551237
4830	-2663.81	-3284.484	620.6742	1.496767	1.332735	0.784968	0.215032	4.259959
4836	-2670.097	-3291.26	621.1636	1.595386	1.531944	0.703425	0.296575	3.837907
4842	-2683.452	-3304.953	621.5002	1.722556	1.523514	0.750909	0.249091	3.573357
4848	-2656.289	-3277.956	621.6672	1.61286	1.695654	0.693436	0.306564	3.470224
4854	-2649.92	-3271.997	622.0772	1.61286	1.831883	0.677909	0.322091	3.176926
4860	-2638.073	-3259.043	620.97	1.53779	1.831883	0.677909	0.322091	3.866259
4866	-2664.862	-3283.568	618.7059	1.574339	1.819081	0.529059	0.470941	5.124986
4872	-2663.379	-3282.819	619.4404	1.59054	1.867494	0.653835	0.346165	4.690176
4878	-2648.989	-3271.075	622.086	1.679004	2.102747	0.629457	0.370543	3.036256
4884	-2669.587	-3291.377	621.79	1.784999	1.628592	0.694762	0.305238	3.323909
4890	-2685.816	-3307.751	621.9344	1.711147	1.585839	0.727271	0.272729	3.299909
4896	-2680.515	-3301.067	620.552	1.605686	1.700177	0.783629	0.216371	4.115099
4902	-2667.981	-3287.89	619.9093	1.538536	1.700177	0.68927	0.31073	4.516544
4908	-2650.057	-3270.886	620.8291	1.561566	1.477987	0.689628	0.310372	4.071335
4914	-2677.343	-3296.553	619.2098	1.350313	1.308588	0.83884	0.16116	5.172154
4920	-2659.3	-3276.965	617.6648	1.345716	1.677721	0.660562	0.339438	5.874154
4926	-2669.428	-3288.513	619.0851	1.515905	1.454763	0.613335	0.386665	5.086161
4932	-2678.806	-3298.206	619.4004	1.571091	2.05669	0.616623	0.383377	4.660349
4938	-2677.483	-3298.308	620.8245	1.753657	2.05669	0.744226	0.255774	3.748053
4944	-2662.653	-3284.322	621.6687	1.551496	1.544812	0.68525	0.31475	3.565906
4950	-2661.779	-3282.744	620.9653	1.583081	1.471545	0.68525	0.31475	3.984085
4956	-2659.696	-3280.367	620.6713	1.560506	1.203664	0.626437	0.373563	4.286586
4962	-2670.536	-3289.292	618.7563	1.43611	1.948444	0.708507	0.291493	5.129571
4968	-2667.306	-3287.125	619.8181	1.512606	1.919172	0.719708	0.280292	4.504254
4974	-2672.462	-3293.02	620.5579	1.532688	1.998495	0.836053	0.163947	4.047122
4980	-2688.97	-3309.783	620.8128	1.438885	1.738487	0.685671	0.314329	4.047122
4986	-2674.099	-3293.892	619.7927	1.611989	1.728614	0.744919	0.255081	4.530227
4992	-2680.324	-3300.163	619.8394	1.393363	1.558705	0.595385	0.404615	4.691858
4998	-2670.339	-3291.977	621.6374	1.684207	1.558705	0.774976	0.225024	3.501049
5004	-2687.846	-3307.894	620.0478	1.546071	1.422486	0.703223	0.296777	4.5458
5010	-2690.795	-3312.079	621.2848	1.675639	1.191963	0.704603	0.295397	3.877211
5016	-2667.189	-3288.006	620.8167	1.648582	1.554047	0.664806	0.335194	3.997158
5022	-2662.884	-3283.89	621.0061	1.593829	1.547601	0.658774	0.341226	3.92272
5028	-2675.253	-3295.64	620.3873	1.665182	1.612879	0.718625	0.281375	4.208594
5034	-2675.163	-3295.284	620.1205	1.641879	2.429041	0.733403	0.266597	4.10102
5040	-2655.019	-3275.186	620.1672	1.692757	2.241235	0.733403	0.266597	4.10102
5046	-2663.984	-3285.422	621.4379	1.737441	1.457369	0.61864	0.38136	3.629267
5052	-2662.483	-3281.795	619.3118	1.448736	1.616626	0.584486	0.415514	4.93266
5058	-2684.925	-3303.451	618.5258	1.554842	1.986578	0.712571	0.287429	5.178918
5064	-2672.474	-3293.69	621.2158	1.652671	1.352005	0.729142	0.270858	3.853353
5070	-2662.158	-3283.102	620.9435	1.636536	1.303801	0.582942	0.417058	4.040738
5076	-2674.182	-3295.845	621.6626	1.928507	1.40175	0.6311	0.3689	3.411613
5082	-2673.928	-3295.841	621.9132	1.854722	1.406717	0.683677	0.316323	3.305514
5088	-2687.487	-3308.434	620.9465	1.844143	1.512938	0.722584	0.277416	3.827625
5094	-2679.045	-3299.012	619.9674	1.579655	1.418398	0.729315	0.270685	4.573841
5100	-2672.067	-3293.509	621.442	1.627857	1.410263	0.686327	0.313673	3.711064
5106	-2659.797	-3281.004	621.2068	1.627857	1.496817	0.68379	0.31621	3.809113
5112	-2660.071	-3280.057	619.9861	1.567735	1.517487	0.757385	0.242615	4.52844
5118	-2671.441	-3291.497	620.0559	1.589015	1.534822	0.617871	0.382129	4.470178
5124	-2648.428	-3269.874	621.4457	1.762377	1.598319	0.724806	0.275194	3.550949
5130	-2655.152	-3275.611	620.4587	1.620063	1.534722	0.654868	0.345132	4.225103
5136	-2657.619	-3279.013	621.3941	1.631832	0.9990107	0.65082	0.34918	3.943122
5142	-2654.614	-3275.1	620.4863	1.630118	1.069249	0.672473	0.327527	4.420755
5148	-2666.746	-3288.727	621.9816	1.825409	1.466353	0.806577	0.193423	3.255771
5154	-2659.326	-3283.265	623.9386	1.61595	1.014022	0.704979	0.295021	2.429074
5160	-2685.78	-3307.749	621.9693	1.718228	1.352324	0.548409	0.451591	3.377812
5166	-2697.204	-3319.081	621.8773	1.760217	1.416444	0.796881	0.203119	3.377812
5172	-2663.241	-3285.18	621.9392	1.630161	1.335743	0.673503	0.326497	3.454791
5178	-2659.763	-3279.586	619.8233	1.491837	1.483078	0.729262	0.270738	4.676553
5184	-2645.254	-3265.488	620.2348	1.531996	1.322326	0.712086	0.287914	4.492833
5190	-2644.954	-3264.274	619.3198	1.659262	2.032255	0.689919	0.310081	4.664003
5196	-2657.607	-3279.013	621.4062	1.526179	1.256809	0.746262	0.253738	3.861348
5202	-2649.812	-3269.569	619.7568	1.522498	1.195086	0.756812	0.243188	4.825819
5208	-2668.441	-3290.125	621.6844	1.334464	1.118517	0.645671	0.354329	3.88145
5214	-2672.881	-3293.48	620.599	1.704262	1.562734	0.7702	0.2298	4.086072
5220	-2698.351	-3319.509	621.1585	1.576122	1.345408	0.725638	0.274362	3.933162
5226	-2694.899	-3315.467	620.5674	1.355166	1.281602	0.651445	0.348555	4.423921
5232	-2687.24	-3307.569	620.3292	1.4499	1.463895	0.651445	0.348555	4.423921
5238	-2695.303	-3316.095	620.7924	1.493287	1.249916	0.644162	0.355838	4.233614
5244	-2666.685	-3287.186	620.5014	1.630654	1.480207	0.699206	0.300794	4.217489
5250	-2674.505	-3295.154	620.6493	1.633461	1.327284	0.609462	0.390538	4.199069
5256	-2658.702	-3279.185	620.4823	1.713405	1.613118	0.570229	0.429771	4.127148
5262	-2650.44	-3270.908	620.4677	1.646464	1.515223	0.680811	0.319189	4.213004
5268	-2649.905	-3270.803	620.8984	1.739573	1.330112	0.687297	0.312703	3.995486
5274	-2656.779	-3276.529	619.7505	1.455608	1.792628	0.586582	0.413418	4.618441
5280	-2703.214	-3324.581	621.3671	1.773734	1.565664	0.754417	0.245583	3.603374
5286	-2687.045	-3308.871	621.8264	1.896887	1.374546	0.756977	0.243023	3.346494
5292	-2648.966	-3270.18	621.2141	1.707209	1.726452	0.696816	0.303184	3.666912
5298	-2648.977	-3269.517	620.5397	1.747605	1.50065	0.635843	0.364157	4.120711
5304	-2642.039	-3263.28	621.2408	1.687069	1.456143	0.605702	0.394298	3.772857
5310	-2635.217	-3256.21	620.9924	1.636332	1.335392	0.597579	0.402421	3.998335
5316	-2659.819	-3280.228	620.4083	1.662717	1.523054	0.663204	0.336796	4.234245
5322	-2673.3	-3295.8	622.5005	1.910235	1.542144	0.647556	0.352444	2.861603
5328	-2676.729	-3299.123	622.3932	1.78688	1.275142	0.667588	0.332412	3.123859
5334	-2668.143	-3289.908	621.765	1.747436	1.275142	0.618863	0.381137	3.516925
5340	-2687.978	-3309.952	621.9743	1.818592	1.339566	0.7019	0.2981	3.321866
5346	-2703.469	-3325.124	621.6551	2.028337	1.769327	0.771875	0.228125	3.2045
5352	-2699.28	-3320.449	621.169	1.7818	1.653641	0.739553	0.260447	3.67805
5358	-2672.988	-3292.918	619.9304	1.524866	1.285124	0.673701	0.326299	4.684755
5364	-2667.675	-3288.585	620.9107	1.771256	1.439904	0.701946	0.298054	3.921204
5370	-2674.961	-3295.547	620.5863	1.858099	1.770286	0.599596	0.400404	3.925131
5376	-2680.266	-3300.769	620.5033	1.890063	1.850678	0.598032	0.401968	3.925131
5382	-2655.513	-3276.484	620.9708	1.633028	1.583111	0.666842	0.333158	3.90604
5388	-2647.457	-3267.236	619.7784	1.564649	1.674613	0.715714	0.284286	4.585034
5394	-2663.747	-3282.926	619.1789	1.564649	1.674613	0.725139	0.274861	4.92008
5400	-2642.879	-3262.335	619.4555	1.543526	1.327489	0.754016	0.245984	4.92008
5406	-2644.856	-3264.092	619.2357	1.564877	1.872432	0.65245	0.34755	4.817158
5412	-2664.615	-3284.128	619.513	1.64673	1.357519	0.640287	0.359713	4.817158
5418	-2676.252	-3295.649	619.3968	1.410692	1.391796	0.673524	0.326476	4.998271
5424	-2694.521	-3316.219	621.6972	1.760858	1.484997	0.680936	0.319064	3.452649
5430	-2691.06	-3311.933	620.8732	1.56841	1.124301	0.701069	0.298931	4.207803
5436	-2676.925	-3298.537	621.6121	1.669562	1.383981	0.622326	0.377674	3.600147
5442	-2663.785	-3284.234	620.4485	1.62376	1.36962	0.757612	0.242388	4.299207
5448	-2659.908	-3279.95	620.0416	1.495252	1.478912	0.681207	0.318793	4.553924
5454	-2661.339	-3280.079	618.7403	1.386211	1.492361	0.7194	0.2806	5.333075
5460	-2658.434	-3280.533	622.0993	1.613799	1.374371	0.702369	0.297631	3.352557
5466	-2667.702	-3289.443	621.7419	1.455937	1.372298	0.702371	0.297629	3.654071
5472	-2648.81	-3270.819	622.0099	1.572645	1.478738	0.701085	0.298915	3.382471
5478	-2663.97	-3285.852	621.8821	1.704859	1.472779	0.707359	0.292641	3.382471
5484	-2691.809	-3313.667	621.8588	1.672602	1.70609	0.682289	0.317711	3.318757
5490	-2675.54	-3297.745	622.2054	1.714354	1.194327	0.643592	0.356408	3.318757
5496	-2670.377	-3292.289	621.9117	1.890491	1.561617	0.71927	0.28073	3.217517
5502	-2674.094	-3296.407	622.3129	1.890491	1.071145	0.57935	0.42065	3.217517
5508	-2690.885	-3310.734	619.8494	1.655561	1.313643	0.646422	0.353578	4.643819
5514	-2691.396	-3313.605	622.2086	1.71186	1.369507	0.69319	0.30681	3.232615
5520	-2664.001	-3285.437	621.4362	1.686522	1.339169	0.848466	0.151534	3.71276
5526	-2660.521	-3281.036	620.515	1.559572	1.339169	0.614604	0.385396	4.311599
5532	-2663.336	-3283.495	620.1586	1.61043	1.339169	0.581282	0.418718	4.483948
5538	-2668.307	-3289.086	620.7788	1.790157	1.437684	0.577215	0.422785	3.986826
5544	-2648.465	-3269.315	620.8507	1.718863	1.50994	0.698266	0.301734	3.955721
5550	-2653.988	-3274.836	620.8483	1.822738	1.572953	0.679021	0.320979	3.871591
5556	-2661.013	-3281.871	620.8576	1.761651	1.498577	0.64727	0.35273	3.932064
5562	-2649.461	-3270.462	621.001	1.659082	1.51239	0.766824	0.233176	3.902843
5568	-2663.538	-3284.06	620.5217	1.618761	1.439431	0.700391	0.299609	4.230048
5574	-2665.069	-3286.282	621.2131	1.782732	1.435856	0.680991	0.319009	3.742484
5580	-2673.866	-3295.152	621.2862	1.688541	1.520439	0.761824	0.238176	3.718399
5586	-2678.01	-3299.86	621.8504	1.688541	1.453366	0.695936	0.304064	3.419109
5592	-2669.299	-3290.316	621.0173	1.862422	1.640509	0.794485	0.205515	3.724351
5598	-2660.289	-3281.226	620.9373	1.778507	1.344558	0.666328	0.333672	3.944321
5604	-2664.265	-3284.986	620.7203	1.637763	1.465903	0.667311	0.332689	4.095064
5610	-2675.145	-3295.505	620.3599	1.77297	2.032948	0.641324	0.358676	4.01151
5616	-2679.031	-3299.768	620.7373	1.712071	1.670078	0.705277	0.294723	3.960164
5622	-2668.643	-3288.904	620.2603	1.566159	1.298598	0.72558	0.27442	4.470131
5628	-2654.362	-3275.535	621.1733	1.647171	1.302451	0.597034	0.402966	3.903819
5634	-2650.138	-3270.524	620.3863	1.691369	1.510489	0.721422	0.278578	4.235695
5640	-2671.019	-3293.669	622.651	1.690219	1.2316	0.708572	0.291428	3.049632
5646	-2683.909	-3306.036	622.1268	1.701289	1.611502	0.617084	0.382916	3.181409
5652	-2661.091	-3281.119	620.0272	1.465983	1.514164	0.648931	0.351069	4.563884
5658	-2671.026	-3291.325	620.2984	1.620339	1.750411	0.676676	0.323324	4.232023
5664	-2654.835	-3274.028	619.1925	1.489387	1.454999	0.58826	0.41174	5.04116
5670	-2645.847	-3265.934	620.0877	1.615038	1.717961	0.736337	0.263663	4.366324
5676	-2651.555	-3271.541	619.9859	1.615038	1.170536	0.652289	0.347711	4.658126
5682	-2665.528	-3285.866	620.3376	1.566047	2.168653	0.719168	0.280832	4.098549
5688	-2671.649	-3292.828	621.1794	1.566047	1.392532	0.651803	0.348197	3.905643
5694	-2675.708	-3295.449	619.7411	1.402593	1.392433	0.662756	0.337244	4.810776
5700	-2675.696	-3295.824	620.1278	1.686107	1.952398	0.709496	0.290504	4.220061
5706	-2678.347	-3298.995	620.649	1.686107	1.220046	0.664641	0.335359	4.220061
5712	-2662.908	-3282.431	619.5235	1.438957	1.618868	0.614459	0.385541	4.819322
5718	-2660.339	-3277.355	617.0159	1.262393	1.558039	0.67483	0.32517	6.318174
5724	-2639.324	-3257.398	618.0737	1.387733	1.66022	0.659091	0.340909	5.633719
5730	-2653.735	-3274.073	620.3385	1.51755	1.156024	0.710144	0.289856	4.522247
5736	-2655.268	-3275.448	620.1808	1.658205	1.644418	0.710144	0.289856	4.317217
5742	-2656.277	-3277.444	621.1667	1.931937	1.90677	0.576825	0.423175	3.49754
5748	-2657.546	-3277.877	620.3306	1.60967	1.308478	0.629291	0.370709	4.401493
5754	-2652.459	-3272.816	620.3572	1.717085	1.403983	0.745499	0.254501	4.28289
5760	-2636.266	-3257.605	621.3387	1.677015	1.488221	0.564282	0.435718	3.70837
5766	-2642.793	-3263.103	620.3098	1.685323	1.704125	0.702666	0.297334	4.205986
5772	-2658.706	-3280.547	621.8411	1.604656	1.285079	0.702666	0.297334	3.550982
5778	-2670.296	-3291.573	621.2768	1.60395	1.285079	0.597663	0.402337	3.877449
5784	-2675.86	-3295.977	620.1169	1.557902	1.461534	0.558335	0.441665	4.483647
5790	-2661.742	-3282.099	620.3566	1.318244	1.461534	0.678221	0.321779	4.483647
5796	-2654.673	-3274.825	620.1517	1.52311	1.461534	0.674022	0.325978	4.483647
5802	-2664.52	-3285.565	621.0454	1.612133	1.461534	0.639092	0.360908	3.925874
5808	-2674.88	-3295.022	620.1425	1.574963	1.497645	0.734144	0.265856	4.444531
5814	-2675.186	-3298.574	623.388	1.656862	1.086047	0.780825	0.219175	2.702524
5820	-2657.51	-3280.85	623.3401	1.788554	1.243434	0.638167	0.361833	2.564148
5826	-2669.116	-3292.761	623.6447	1.788554	1.565349	0.683646	0.316354	2.21369
5832	-2658.653	-3282.616	623.9629	1.851794	1.305454	0.683646	0.316354	2.094084
5838	-2659.429	-3283.402	623.9733	1.855771	1.305454	0.584549	0.415451	2.084627
5844	-2655.295	-3278.864	623.5688	1.80603	1.215349	0.667048	0.332952	2.425238
5850	-2649.147	-3272.565	623.4189	1.761119	1.41277	0.667048	0.332952	2.446711
5856	-2653	-3274.553	621.5525	1.536671	1.679581	0.640979	0.359021	3.587688
5862	-2636.05	-3257.219	621.1696	1.489207	1.271166	0.552463	0.447537	4.011154
5868	-2651.431	-3271.307	619.8759	1.464486	1.687123	0.616814	0.383186	4.581823
5874	-2653.055	-3273.219	620.1636	1.452267	1.313264	0.759747	0.240253	4.581823
5880	-2631.465	-3251.512	620.0473	1.499061	1.420913	0.667408	0.332592	4.573152
5886	-2656.793	-3276.84	620.0469	1.437318	1.506568	0.728008	0.271992	4.572028
5892	-2664.261	-3284.765	620.5035	1.593332	1.480917	0.824858	0.175142	4.237125
5898	-2675.286	-3295.475	620.1891	1.532477	1.298773	0.605922	0.394078	4.52907
5904	-2657.678	-3277.122	619.4437	1.461689	1.43141	0.751232	0.248768	4.926849
5910	-2671.347	-3290.924	619.5772	1.631826	1.375946	0.691201	0.308799	4.78152
5916	-2683.946	-3303.281	619.3347	1.528708	1.364814	0.609127	0.390873	4.978905
5922	-2665.827	-3286.701	620.8736	1.627135	1.674376	0.754977	0.245023	3.929104
5928	-2662.329	-3283.082	620.7531	1.733246	1.653257	0.71585	0.28415	3.945548
5934	-2656.726	-3277.199	620.4722	1.586802	1.653257	0.71585	0.28415	4.189181
5940	-2653.642	-3272.378	618.7365	1.628631	1.970099	0.730685	0.269315	5.026608
5946	-2654.27	-3273.153	618.8833	1.594581	2.059051	0.659821	0.340179	4.935128
5952	-2642.566	-3263.269	620.703	1.689967	1.242748	0.673491	0.326509	4.176214
5958	-2650.619	-3270.471	619.8515	1.482773	1.768127	0.779297	0.220703	4.555328
5964	-2662.528	-3282.94	620.4119	1.631754	1.698147	0.638404	0.361596	4.180684
5970	-2666.098	-3285.612	619.5137	1.498453	1.601889	0.660128	0.339872	4.798178
5976	-2683.517	-3305.747	622.2296	1.766051	1.482732	0.702428	0.297572	3.136679
5982	-2673.252	-3295.792	622.5396	1.733529	1.351185	0.72349	0.27651	3.031389
5988	-2672.093	-3294.114	622.0207	1.599155	1.241398	0.631505	0.368495	3.470835
5994	-2683.344	-3305.657	622.3135	1.817043	1.172433	0.673974	0.326026	3.20564
6000	-2674.573	-3296.601	622.0276	1.737241	1.172433	0.673974	0.326026	3.420992
6006	-2679.636	-3299.878	620.2416	1.508299	1.117024	0.774407	0.225593	4.601729
6012	-2671.97	-3292.091	620.1209	1.508299	1.128996	0.65157	0.34843	4.663285
6018	-2677.052	-3297.191	620.1389	1.493898	1.124997	0.65157	0.34843	4.663285
6024	-2650.449	-3272.275	621.8263	1.522723	1.560885	0.605161	0.394839	3.484192
6030	-2656.412	-3277.009	620.5971	1.547493	1.560885	0.783128	0.216872	4.177065
6036	-2655.754	-3277.409	621.655	1.760722	1.781309	0.596792	0.403208	3.357844
6042	-2654.835	-3275.346	620.5106	1.701125	1.151903	0.69185	0.30815	4.323816
6048	-2669.323	-3290.847	621.5235	1.856881	1.597072	0.664604	0.335396	3.450932
6054	-2671.883	-3292.214	620.3302	1.665561	1.61847	0.773809	0.226191	4.238574
6060	-2675.566	-3296.151	620.5844	1.663114	1.722067	0.639974	0.360026	4.05568
6066	-2661.175	-3282.394	621.219	1.670615	1.505318	0.741845	0.258155	3.773897
6072	-2655.26	-3276.29	621.0298	1.643844	1.383569	0.732618	0.267382	3.950809
6078	-2662.542	-3281.968	619.426	1.331211	1.407489	0.626648	0.373352	5.019443
6084	-2637.429	-3257.133	619.7039	1.546227	1.8441	0.669273	0.330727	4.575481
6090	-2647.806	-3267.51	619.7032	1.666405	1.510905	0.730542	0.269458	4.634552
6096	-2657.089	-3278.182	621.0929	1.769427	1.637515	0.689537	0.310463	3.735573
6102	-2660.313	-3281.016	620.7033	1.828832	1.846871	0.765734	0.234266	3.846903
6108	-2661.622	-3283.325	621.7029	1.572917	1.846871	0.740426	0.259574	3.415602
6114	-2682.176	-3302.825	620.6489	1.643223	1.581221	0.725627	0.274373	4.084959
6120	-2687.323	-3308.517	621.1946	1.643065	1.681685	0.737649	0.262351	3.732509
6126	-2665.703	-3286.882	621.1791	1.643065	1.33531	0.820093	0.179907	3.887599
6132	-2683.221	-3305.22	621.9991	1.701603	1.499394	0.656694	0.343306	3.30403
6138	-2679.491	-3299.8	620.3087	1.487561	1.738629	0.759844	0.240156	4.305779
6144	-2674.891	-3295.996	621.1051	1.743096	1.719397	0.611942	0.388058	3.711926
6150	-2696.106	-3317.558	621.4523	1.76917	1.538938	0.730339	0.269661	3.567638
6156	-2689.794	-3311.07	621.2758	1.503402	1.535552	0.781415	0.218585	3.824768
6162	-2683.566	-3304.722	621.1553	1.62816	1.529661	0.699583	0.300417	3.824768
6168	-2684.123	-3304.204	620.0811	1.47191	1.523129	0.699583	0.300417	4.526611
6174	-2682.559	-3301.551	618.9923	1.468413	1.81312	0.705719	0.294281	5.027
6180	-2672.375	-3291.751	619.3757	1.437428	1.319457	0.644401	0.355599	5.027
6186	-2672.864	-3294.202	621.3381	1.604102	1.503328	0.594082	0.405918	3.744379
6192	-2676.628	-3297.811	621.1833	1.746772	1.297946	0.642643	0.357357	3.843055
6198	-2672.809	-3293.293	620.484	1.560606	1.793881	0.772747	0.227253	4.144677
6204	-2668.613	-3289.78	621.1664	1.474821	1.142084	0.698028	0.301972	4.085096
6210	-2651.667	-3273.252	621.5855	1.589795	1.322064	0.616927	0.383073	3.690339
6216	-2655.536	-3276.663	621.1267	1.44027	1.790243	0.665377	0.334623	3.847445
6222	-2682.07	-3300.993	618.9225	1.370861	1.279469	0.639199	0.360801	5.332836
6228	-2659.094	-3278.067	618.973	1.445978	1.401078	0.670498	0.329502	5.2096
6234	-2650.594	-3271.59	620.9957	1.328231	1.265466	0.691229	0.308771	4.204505
6240	-2666.464	-3286.728	620.2639	1.706626	1.583766	0.623812	0.376188	4.266593
6246	-2643.397	-3264.145	620.7475	1.690088	1.476053	0.742058	0.257942	4.045431
6252	-2642.143	-3262.628	620.4853	1.467931	1.190421	0.746293	0.253707	4.450425
6258	-2640.564	-3261.882	621.3184	1.666668	1.506199	0.638223	0.361777	3.718403
6264	-2642.215	-3262.445	620.23	1.559601	1.572504	0.697477	0.302523	4.373414
6270	-2640.03	-3259.042	619.0115	1.508154	1.398324	0.744107	0.255893	5.155113
6276	-2640.585	-3259.11	618.5249	1.508154	2.157934	0.753896	0.246104	5.151111
6282	-2648.591	-3268.28	619.689	1.650237	2.157934	0.715063	0.284937	4.421661
6288	-2647.805	-3269.047	621.2417	1.602434	1.600577	0.663013	0.336987	3.760839
6294	-2674.296	-3293.712	619.4159	1.471896	1.650842	0.671958	0.328042	4.848687
6300	-2691.04	-3311.96	620.9202	1.570646	1.849355	0.670429	0.329571	3.869734
6306	-2689.519	-3309.87	620.3508	1.614897	1.573511	0.753609	0.246391	4.273475
6312	-2697.535	-3318.941	621.4054	1.751141	1.251011	0.72665	0.27335	3.735068
6318	-2686.144	-3308.46	622.3169	1.794035	1.442115	0.618408	0.381592	3.086157
6324	-2664.64	-3287.276	622.6363	1.859737	1.619543	0.672377	0.327623	2.77658
6330	-2672.877	-3296.114	623.237	2.144439	1.41781	0.672377	0.327623	2.316808
6336	-2665.42	-3287.83	622.4104	2.050791	1.730639	0.684205	0.315795	2.752146
6342	-2663.078	-3285.491	622.4135	1.864795	1.336501	0.668023	0.331977	3.035294
6348	-2648.927	-3269.48	620.553	1.846571	1.841368	0.771877	0.228123	3.924907
6354	-2664.071	-3285.776	621.7055	1.884389	1.203985	0.671636	0.328364	3.507052
6360	-2665.621	-3286.916	621.2954	1.820597	1.852091	0.767498	0.232502	3.507052
6366	-2645.824	-3266.855	621.031	1.660429	1.770989	0.72753	0.27247	3.782907
6372	-2634.593	-3255.296	620.7035	1.801272	1.466801	0.778719	0.221281	4.011011
6378	-2647.2	-3267.414	620.2131	1.570917	1.656285	0.78722	0.21278	4.343751
6384	-2662.395	-3282.007	619.612	1.520252	1.190509	0.65518	0.34482	4.91001
6390	-2660.986	-3281.37	620.3838	1.6307	1.558853	0.557378	0.442622	4.251685
6396	-2657.872	-3279.587	621.7146	1.604798	1.490721	0.667985	0.332015	3.531097
6402	-2661.721	-3282.744	621.0234	1.690732	1.398977	0.639304	0.360696	3.920756
6408	-2660.36	-3280.538	620.1784	1.465591	1.398977	0.745811	0.254189	4.527794
6414	-2674.706	-3295.743	621.0371	1.64803	1.586925	0.668707	0.331293	3.857839
6420	-2676.949	-3297.477	620.5279	1.679141	1.433753	0.735763	0.264237	4.194692
6426	-2674.061	-3295.904	621.8428	1.905029	1.582916	0.706259	0.293741	3.240736
6432	-2673.662	-3294.671	621.0085	1.835983	1.58661	0.591869	0.408131	3.766283
6438	-2681.184	-3302.424	621.2398	1.738241	1.319721	0.722494	0.277506	3.80525
6444	-2658.139	-3279.134	620.9946	1.667664	1.538515	0.73504	0.26496	3.89073
6450	-2664.879	-3286.808	621.9284	1.650647	1.427439	0.683368	0.316632	3.407133
6456	-2656.305	-3277.914	621.609	1.70652	1.518969	0.65476	0.34524	3.521284
6462	-2669.145	-3291.911	622.7654	1.485758	1.469847	0.597992	0.402008	2.989739
6468	-2654.484	-3274.859	620.3752	1.524238	1.306489	0.608249	0.391751	4.425428
6474	-2658.517	-3277.318	618.801	1.45304	1.306489	0.630233	0.369767	5.342236
6480	-2651.59	-3272.796	621.2062	1.805026	1.329888	0.720356	0.279644	3.781416
6486	-2668.15	-3290.101	621.9506	1.972683	1.341578	0.716087	0.283913	3.244021
6492	-2647.035	-3268.711	621.6757	1.740214	1.424169	0.629318	0.370682	3.503977
6498	-2651.783	-3273.133	621.35	1.652339	1.587327	0.707446	0.292554	3.674767
6504	-2641.121	-3263.382	622.2608	1.782357	1.27702	0.707446	0.292554	3.20422
6510	-2640.815	-3262.825	622.0097	1.84202	1.523906	0.676795	0.323205	3.20422
6516	-2674.008	-3295.773	621.7652	1.854386	1.535055	0.613109	0.386891	3.336469
6522	-2670.232	-3292.257	622.0255	1.701423	1.646414	0.743268	0.256732	3.227101
6528	-2665.751	-3287.119	621.3681	1.665374	1.646414	0.721773	0.278227	3.633059
6534	-2636.321	-3257.778	621.457	1.682075	1.74511	0.712502	0.287498	3.533376
6540	-2644.163	-3264.947	620.7837	1.685447	1.558024	0.72546	0.27454	3.993325
6546	-2647.949	-3268.61	620.6613	1.652122	1.788644	0.780271	0.219729	3.993325
6552	-2637.888	-3258.797	620.9093	1.708113	1.591416	0.807511	0.192489	3.894931
6558	-2644.341	-3265.425	621.0845	1.728029	1.331399	0.785557	0.214443	3.894931
6564	-2645.264	-3266.357	621.0935	1.689317	1.152692	0.785557	0.214443	3.998891
6570	-2644.775	-3265.803	621.0284	1.544036	1.405616	0.798181	0.201819	3.998891
6576	-2665.727	-3287.156	621.4288	1.740407	1.405616	0.677656	0.322344	3.655639
6582	-2665.635	-3287.301	621.6659	1.694653	1.000396	0.677656	0.322344	3.750004
6588	-2662.264	-3283.614	621.3497	1.672384	1.442925	0.718988	0.281012	3.724248
6594	-2652.792	-3275.246	622.4533	1.747491	1.42264	0.672632	0.327368	3.041298
6600	-2649.308	-3269.545	620.2366	1.747491	1.878515	0.708734	0.291266	4.148887
6606	-2666.107	-3286.348	620.2411	1.607309	1.584003	0.611955	0.388045	4.335619
6612	-2669.186	-3290.569	621.3827	1.8814	1.545583	0.602516	0.397484	3.540041
6618	-2661.044	-3281.265	620.2211	1.503944	1.362521	0.685254	0.314746	4.498267
6624	-2664.73	-3283.411	618.6809	1.650239	1.634	0.734966	0.265034	5.164319
6630	-2667.165	-3286.329	619.164	1.461721	1.643015	0.624625	0.375375	4.997493
6636	-2639.383	-3259.526	620.1433	1.677083	1.448812	0.685683	0.314317	4.407021
6642	-2663.626	-3284.207	620.5809	1.677083	1.287995	0.730814	0.269186	4.23132
6648	-2662.326	-3283.874	621.5482	1.935345	1.432467	0.720351	0.279649	3.460784
6654	-2683.348	-3303.706	620.3579	1.719424	1.367411	0.70101	0.29899	4.297317
6660	-2701.898	-3321.053	619.1544	1.644788	2.344934	0.63268	0.36732	4.668949
6666	-2688.808	-3308.665	619.8571	1.510676	1.854472	0.60256	0.39744	4.505723
6672	-2677.076	-3299.604	622.528	1.998915	1.343685	0.656865	0.343135	2.882229
6678	-2663.1	-3285.487	622.3876	2.02879	1.487627	0.580892	0.419108	2.882229
6684	-2668.196	-3290.459	622.2631	1.991821	1.234576	0.580892	0.419108	3.099624
6690	-2639.022	-3260.364	621.3416	1.836661	1.537763	0.580892	0.419108	3.59325
6696	-2643.975	-3265.882	621.9074	1.836661	1.169815	0.735775	0.264225	3.43454
6702	-2653.943	-3276.024	622.0813	1.861932	1.54311	0.650339	0.349661	3.141709
6708	-2640.708	-3263.221	622.5131	1.883287	1.330322	0.694809	0.305191	2.967443
6714	-2648.303	-3270.377	622.0742	1.882604	1.518759	0.722111	0.277889	3.144111
6720	-2659.716	-3281.885	622.1684	1.918509	1.347782	0.745052	0.254948	3.144111
6726	-2658.767	-3280.98	622.2125	1.863497	1.533933	0.663211	0.336789	3.066514
6732	-2654.458	-3276.16	621.7021	1.863497	1.408307	0.797732	0.202268	3.423598
6738	-2666.553	-3288.212	621.6597	1.862894	1.46502	0.679594	0.320406	3.423598
6744	-2684.03	-3304.294	620.2636	1.553739	1.489025	0.694528	0.305472	4.391835
6750	-2674.531	-3295.844	621.3134	1.69806	1.362726	0.74744	0.25256	3.766175
6756	-2689.844	-3310.879	621.0342	1.725806	1.710533	0.629214	0.370786	3.766175
6762	-2662.953	-3284.594	621.6414	1.753813	1.256341	0.640323	0.359677	3.5943
6768	-2655.53	-3276.363	620.8339	1.740811	1.592676	0.648544	0.351456	3.918895
6774	-2651.712	-3272.919	621.2065	1.668005	1.42327	0.589653	0.410347	3.817941
6780	-2657.352	-3278.455	621.1023	1.610665	1.437753	0.551153	0.448847	3.904371
6786	-2651.832	-3273.425	621.5934	1.669711	1.091669	0.643268	0.356732	3.75526
6792	-2683.714	-3304.776	621.0624	1.457482	1.208926	0.642409	0.357591	4.12049
6798	-2678.313	-3299.213	620.8997	1.632094	1.195261	0.60204	0.39796	4.12049
6804	-2674.538	-3296.572	622.0343	1.937783	1.82665	0.618783	0.381217	3.010705
6810	-2666.042	-3288.093	622.0514	1.937783	1.305463	0.618783	0.381217	3.222343
6816	-2662.108	-3283.289	621.181	1.802284	1.85169	0.741647	0.258353	3.584477
6822	-2664.804	-3286.473	621.6695	1.635794	1.539482	0.606572	0.393428	3.518587
6828	-2652.977	-3274.53	621.5536	1.754619	1.295794	0.622912	0.377088	3.625752
6834	-2670.264	-3291.427	621.1625	1.734336	1.698425	0.708111	0.291889	3.691838
6840	-2666.843	-3288.823	621.9806	1.718468	1.209998	0.651885	0.348115	3.440217
6846	-2669.558	-3290.507	620.9487	1.744685	1.622093	0.651885	0.348115	3.839031
6852	-2658.396	-3279.256	620.8599	1.631643	1.188069	0.736899	0.263101	4.146961
6858	-2668.147	-3289.263	621.116	1.526826	1.063199	0.73658	0.26342	4.12593
6864	-2660.285	-3280.958	620.6732	1.615672	1.485991	0.656317	0.343683	4.12593
6870	-2659.403	-3280.885	621.4811	1.54513	1.558641	0.61456	0.38544	3.67271
6876	-2661.479	-3281.917	620.4384	1.681047	1.538768	0.607991	0.392009	4.200356
6882	-2660.095	-3281.139	621.0447	1.777143	1.307034	0.731653	0.268347	3.900903
6888	-2651.924	-3273.924	622	1.93231	1.421318	0.693836	0.306164	3.20174
6894	-2635.26	-3257.246	621.9859	1.866648	1.528593	0.666409	0.333591	3.20174
6900	-2650.88	-3271.212	620.3321	1.7307	1.861051	0.658337	0.341663	4.110262
6906	-2661.483	-3282.342	620.8598	1.532339	1.431901	0.63129	0.36871	4.090276
6912	-2652.348	-3274.154	621.806	1.631927	1.494762	0.553644	0.446356	3.460191
6918	-2654.04	-3275.596	621.5562	1.636925	1.857259	0.717298	0.282702	3.460191
6924	-2653.727	-3274.174	620.4469	1.69553	1.700848	0.712478	0.287522	4.123508
6930	-2651.85	-3271.809	619.9589	1.478186	1.447696	0.754458	0.245542	4.623041
6936	-2645.447	-3264.275	618.8278	1.440571	1.647259	0.735136	0.264864	5.194012
6942	-2646.855	-3266.454	619.5989	1.527837	1.7154	0.735136	0.264864	4.691
6948	-2635.642	-3255.667	620.025	1.512719	1.583723	0.735136	0.264864	4.510845
6954	-2645.941	-3265.669	619.7279	1.542584	1.583723	0.605039	0.394961	4.660862
6960	-2648.614	-3268.905	620.2908	1.612755	1.487655	0.619568	0.380432	4.343702
6966	-2651.522	-3271.574	620.0525	1.506847	1.667917	0.744886	0.255114	4.466021
6972	-2651.474	-3273.133	621.6583	1.798092	1.203731	0.687185	0.312815	3.584884
6978	-2666.26	-3287.886	621.6264	1.798092	1.240924	0.755662	0.244338	3.584884
6984	-2668.385	-3290.052	621.6663	1.798092	1.568269	0.748065	0.251935	3.413636
6990	-2671.024	-3291.159	620.1352	1.733256	1.664153	0.790524	0.209476	4.292957
6996	-2659.459	-3280.994	621.5346	1.721458	1.388353	0.729952	0.270048	3.613032
7002	-2675.381	-3295.611	620.2308	1.532705	1.153729	0.691234	0.308766	4.575402
7008	-2693.485	-3313.414	619.9287	1.532705	1.529671	0.625437	0.374563	4.575402
7014	-2659.204	-3280.399	621.1947	1.744766	1.459669	0.750583	0.249417	3.764604
7020	-2664.258	-3284.941	620.6825	1.645523	1.39947	0.703585	0.296415	4.140934
7026	-2671.722	-3291.921	620.1995	1.584734	1.456183	0.745635	0.254365	4.424313
7032	-2664.235	-3284.78	620.5455	1.657649	1.158871	0.652421	0.347579	4.32513
7038	-2655.097	-3274.648	619.5512	1.486493	1.607417	0.652421	0.347579	4.781734
7044	-2682.927	-3302.159	619.2325	1.513472	1.610737	0.602737	0.397263	4.94304
7050	-2654.232	-3274.674	620.4421	1.66861	1.719391	0.642522	0.357478	4.134577
7056	-2636.347	-3257.786	621.4393	1.791656	1.337498	0.542756	0.457244	3.650919
7062	-2672.916	-3292.98	620.064	1.431789	1.332136	0.701496	0.298504	4.640587
7068	-2692.18	-3312.862	620.6816	1.555631	1.288302	0.751639	0.248361	4.24294
7074	-2661.734	-3283.799	622.065	1.630082	1.3578	0.665533	0.334467	3.370853
7080	-2671.973	-3291.746	619.7736	1.566779	1.193217	0.62958	0.37042	4.792653
7086	-2669.907	-3289.266	619.3588	1.383098	1.525953	0.691701	0.308299	4.978736
7092	-2663.797	-3283.151	619.3543	1.416531	1.486473	0.671917	0.328083	4.978736
7098	-2664.975	-3284.362	619.3873	1.49178	1.486473	0.671917	0.328083	4.918548
7104	-2666.484	-3285.52	619.0359	1.458546	1.524473	0.624699	0.375301	5.116696
7110	-2678.36	-3299.625	621.2652	1.567625	1.201376	0.680767	0.319233	3.945664
7116	-2671.944	-3292.331	620.3871	1.577114	1.330195	0.747036	0.252964	4.378015
7122	-2679.354	-3299.482	620.1277	1.493326	1.330195	0.761687	0.238313	4.571201
7128	-2667.697	-3287.228	619.5308	1.524598	1.244725	0.586814	0.413186	4.926752
7134	-2668.837	-3290.205	621.368	1.680453	1.255646	0.754944	0.245056	3.795161
7140	-2672.732	-3293.79	621.0576	1.656727	1.214245	0.684228	0.315772	4.007022
7146	-2662.756	-3283.935	621.1787	1.692962	1.37257	0.675316	0.324684	3.842179
7152	-2650.129	-3272.224	622.0956	1.707521	1.314354	0.771018	0.228982	3.327823
7158	-2658.152	-3279.538	621.3862	1.833456	1.597475	0.601396	0.398604	3.544544
7164	-2655.656	-3277.686	622.0304	1.787397	1.300729	0.670177	0.329823	3.325758
7170	-2661.982	-3283.344	621.3619	1.758995	1.292269	0.562146	0.437854	3.735829
7176	-2658.7	-3280.879	622.1794	1.800972	1.588636	0.697621	0.302379	3.100325
7182	-2663.828	-3285.571	621.7423	1.887426	1.690182	0.656945	0.343055	3.267026
7188	-2671.008	-3292.887	621.8793	1.711511	1.583294	0.668866	0.331134	3.333208
7194	-2669.935	-3291.541	621.6057	1.653617	1.369906	0.71534	0.28466	3.619544
7200	-2671.744	-3292.334	620.5896	1.66241	1.722462	0.665701	0.334299	4.052962
7206	-2657.59	-3279.672	622.0824	1.642333	1.558385	0.724208	0.275792	3.264662
7212	-2664.743	-3284.615	619.872	1.56188	1.820454	0.700395	0.299605	4.480569
7218	-2667.216	-3289.119	621.9024	1.427896	1.588074	0.682494	0.317506	3.483876
7224	-2672.436	-3294.164	621.7278	1.634957	1.37443	0.671282	0.328718	3.557372
7230	-2658.208	-3279.495	621.2869	1.61751	1.615459	0.702655	0.297345	3.720081
7236	-2667.475	-3286.947	619.4715	1.48353	1.210154	0.776465	0.223535	4.999033
7242	-2638.348	-3259.159	620.811	1.629635	1.374095	0.613574	0.386426	4.088076
7248	-2639.996	-3260.6	620.6041	1.522576	1.308572	0.697841	0.302159	4.296134
7254	-2635.985	-3256.4	620.4152	1.540579	1.531316	0.630827	0.369173	4.296134
7260	-2660.584	-3281.538	620.9542	1.653179	1.530382	0.706599	0.293401	3.925591
7266	-2652.264	-3271.639	619.3749	1.565925	1.510578	0.655737	0.344263	4.874303
7272	-2652.856	-3274.683	621.8273	1.64718	1.53505	0.685438	0.314562	3.421628
7278	-2665.422	-3286.687	621.2646	1.642142	1.554097	0.740218	0.259782	3.743664
7284	-2649.28	-3270.502	621.2211	1.630845	1.301666	0.669227	0.330773	3.886135
7290	-2673.719	-3293.724	620.0047	1.539932	1.396519	0.694314	0.305686	4.584681
7296	-2660.862	-3280.367	619.5058	1.499182	1.215774	0.694774	0.305226	4.968603
7302	-2675.776	-3296.668	620.8915	1.57899	1.198173	0.628132	0.371868	4.153926
7308	-2657.594	-3277.648	620.054	1.518033	1.491692	0.631222	0.368778	4.528876
7314	-2661.933	-3283.483	621.5499	1.874556	1.267961	0.508996	0.491004	3.571658
7320	-2657.413	-3278.658	621.2446	1.821278	1.576621	0.607578	0.392422	3.642346
7326	-2661.165	-3282.549	621.3841	1.795398	1.534166	0.710772	0.289228	3.594044
7332	-2649.101	-3268.82	619.7187	1.676815	1.704464	0.677354	0.322646	4.544358
7338	-2658.027	-3278.849	620.8213	1.595906	1.686563	0.659749	0.340251	3.972248
7344	-2655.444	-3275.135	619.691	1.531654	1.940542	0.584516	0.415484	4.557738
7350	-2653.401	-3274.272	620.8709	1.742185	1.534949	0.697428	0.302572	3.920436
7356	-2642.701	-3263.452	620.7517	1.636005	1.348952	0.662647	0.337353	4.129564
7362	-2631.096	-3251.476	620.3798	1.568655	1.389777	0.768405	0.231595	4.36031
7368	-2631.745	-3252.796	621.0517	1.723048	1.157982	0.625944	0.374056	4.000762
7374	-2646.929	-3268.118	621.1892	1.716531	1.206555	0.712058	0.287942	3.901297
7380	-2633.803	-3254.201	620.3976	1.585222	1.714525	0.733554	0.266446	4.209061
7386	-2631.971	-3254.185	622.2135	1.772008	1.510839	0.653182	0.346818	3.130429
7392	-2632.739	-3254.637	621.8986	1.749469	1.438725	0.638952	0.361048	3.361618
7398	-2653.473	-3273.794	620.3212	1.597969	1.296779	0.663704	0.336296	4.418739
7404	-2642.974	-3262.825	619.8508	1.38452	1.296779	0.585899	0.414101	4.802293
7410	-2642.073	-3261.166	619.0931	1.456109	1.362621	0.683782	0.316218	5.154216
7416	-2652.328	-3272.409	620.0804	1.636297	1.486261	0.59966	0.40034	4.449728
7422	-2645.277	-3264.327	619.0498	1.517423	1.546091	0.675903	0.324097	5.067662
7428	-2651.964	-3269.669	617.7046	1.391173	1.622268	0.653167	0.346833	5.848204
7434	-2657.67	-3278.085	620.4154	1.568862	1.513291	0.599639	0.400361	4.287434
7440	-2653.916	-3274.436	620.5199	1.595224	1.341846	0.656344	0.343656	4.287434
7446	-2659.67	-3279.587	619.9163	1.584523	1.873234	0.639039	0.360961	4.424286
7452	-2664.338	-3284.545	620.2064	1.525935	1.361771	0.62369	0.37631	4.494483
7458	-2646.312	-3265.522	619.2103	1.606338	1.361771	0.665193	0.334807	5.006242
7464	-2648.922	-3267.893	618.9713	1.630946	1.679723	0.661884	0.338116	4.996718
7470	-2645.868	-3264.255	618.3871	1.531966	1.888796	0.718865	0.281135	5.30073
7476	-2659.479	-3279.123	619.6441	1.736589	1.802403	0.716937	0.283063	4.516873
7482	-2640.257	-3260.658	620.4006	1.723074	1.83828	0.637157	0.362843	4.083681
7488	-2645.135	-3265.558	620.4228	1.535888	1.445394	0.716927	0.283073	4.330383
7494	-2654.647	-3274.544	619.8963	1.592689	1.263908	0.679949	0.320051	4.675764
7500	-2636.945	-3257.589	620.6444	1.473664	1.130008	0.621636	0.378364	4.38793
7506	-2642.872	-3263.395	620.5229	1.662235	1.442103	0.774741	0.225259	4.203533
7512	-2651.171	-3271.553	620.3824	1.648105	1.442103	0.822132	0.177868	4.29119
7518	-2657.451	-3278.154	620.7029	1.575132	1.280159	0.674023	0.325977	4.223605
7524	-2653.449	-3272.541	619.0924	1.438404	1.32818	0.606991	0.393009	5.179614
7530	-2656.458	-3275.745	619.2875	1.343056	1.208819	0.610395	0.389605	5.179614
7536	-2681.681	-3299.812	618.1308	1.508954	1.295708	0.796745	0.203255	5.68487
7542	-2661.519	-3281.638	620.1187	1.545845	1.295708	0.63993	0.36007	4.562514
7548	-2657.608	-3277.348	619.7404	1.500865	1.440652	0.75698	0.24302	4.735617
7554	-2649.672	-3269.364	619.6911	1.648236	1.315562	0.6205	0.3795	4.735617
7560	-2655.682	-3275.585	619.9038	1.539079	1.192814	0.6205	0.3795	4.735617
7566	-2648.258	-3268.57	620.3117	1.602739	1.36768	0.759791	0.240209	4.389258
7572	-2658.535	-3280.096	621.5609	1.637826	1.664052	0.706545	0.293455	3.530048
7578	-2657.022	-3276.954	619.9319	1.565839	1.336103	0.706545	0.293455	4.637675
7584	-2640.182	-3259.78	619.5981	1.38146	1.638726	0.694103	0.305897	4.80213
7590	-2658.417	-3277.21	618.7924	1.321304	1.606639	0.696976	0.303024	5.295011
7596	-2652.652	-3271.849	619.1977	1.516986	1.413046	0.696976	0.303024	5.040673
7602	-2651.26	-3269.701	618.4412	1.535849	1.14761	0.591441	0.408559	5.569697
7608	-2649.235	-3269.544	620.3091	1.537709	1.269428	0.6503	0.3497	4.472278
7614	-2656.491	-3276.016	619.525	1.635045	1.075679	0.588186	0.411814	4.952711
7620	-2664.838	-3284.764	619.9268	1.584535	0.9470512	0.660665	0.339335	4.828163
7626	-2676.25	-3296.13	619.88	1.489546	1.090715	0.64379	0.35621	4.828163
7632	-2658.56	-3277.694	619.1347	1.548123	1.264822	0.753488	0.246512	5.124224
7638	-2649.337	-3271.524	622.1862	1.730142	1.051193	0.609025	0.390975	3.397849
7644	-2648.232	-3268.866	620.6335	1.707637	1.383241	0.669944	0.330056	4.140638
7650	-2651.157	-3273.994	622.8372	1.837781	1.368263	0.723137	0.276863	2.78052
7656	-2660.528	-3283.481	622.9527	1.732439	1.368263	0.840518	0.159482	2.774326
7662	-2684.636	-3304.798	620.1618	1.594908	1.37495	0.71153	0.28847	4.474925
7668	-2668.575	-3288.867	620.2921	1.648798	1.37495	0.655749	0.344251	4.371096
7674	-2650.152	-3271.069	620.9176	1.785096	1.183964	0.611617	0.388383	4.028745
7680	-2637.038	-3257.79	620.7517	1.603875	1.183964	0.654156	0.345844	4.226254
7686	-2641.336	-3260.891	619.5547	1.468003	1.183964	0.634215	0.365785	4.974142
7692	-2647.136	-3266.722	619.5858	1.336995	1.301634	0.674064	0.325936	4.974142
7698	-2671.035	-3291.013	619.9782	1.477347	1.543393	0.759883	0.240117	4.573177
7704	-2660.452	-3281.602	621.15	1.694538	1.220532	0.660154	0.339846	3.929415
7710	-2663.252	-3284.574	621.3219	1.636757	1.243422	0.607729	0.392271	3.852755
7716	-2676.017	-3297.276	621.2593	1.622476	1.772372	0.760007	0.239993	3.672492
7722	-2658.939	-3280.434	621.4958	1.656227	1.390224	0.75766	0.24234	3.672492
7728	-2661.645	-3282.068	620.4228	1.674408	1.299522	0.807191	0.192809	4.316949
7734	-2657.713	-3279.135	621.4221	1.743911	1.618118	0.613756	0.386244	3.567371
7740	-2645.982	-3266.614	620.6327	1.569607	1.640634	0.706369	0.293631	4.112569
7746	-2651.48	-3271.357	619.8768	1.605079	1.503377	0.673685	0.326315	4.574692
7752	-2652.866	-3273.436	620.5696	1.627431	1.503377	0.752682	0.247318	4.170883
7758	-2655.588	-3276.212	620.6242	1.67932	1.720825	0.565628	0.434372	4.024176
7764	-2664.214	-3285.765	621.5503	1.955714	1.675933	0.758476	0.241524	3.345542
7770	-2661.311	-3281.047	619.7355	1.449065	1.346811	0.682882	0.317118	4.808041
7776	-2650.774	-3272.341	621.5663	1.695396	1.447397	0.702343	0.297657	3.583469
7782	-2656.292	-3278.565	622.2732	1.725867	1.661537	0.677257	0.322743	3.059117
7788	-2656.315	-3278.28	621.9652	1.716789	1.433373	0.677257	0.322743	3.344051
7794	-2647.933	-3269.942	622.0088	1.630734	1.490024	0.666765	0.333235	3.344051
7800	-2645.414	-3266.538	621.1242	1.489251	1.570401	0.698592	0.301408	3.905701
7806	-2660.088	-3278.848	618.7594	1.355662	1.328966	0.658451	0.341549	5.408809
7812	-2667.545	-3289.189	621.6433	1.462198	1.38752	0.822657	0.177343	3.700594
7818	-2658.695	-3278.023	619.3287	1.51782	1.491575	0.712286	0.287714	4.934534
7824	-2655.647	-3275.204	619.5571	1.487643	1.4562	0.677383	0.322617	4.838797
7830	-2659.195	-3279.779	620.5836	1.648782	1.233729	0.711169	0.288831	4.271638
7836	-2667.777	-3289.995	622.2176	1.713797	1.346329	0.697986	0.302014	3.236967
7842	-2652.536	-3272.861	620.3248	1.628935	1.457962	0.713043	0.286957	4.327827
7848	-2667.099	-3288.149	621.0505	1.555293	1.304314	0.710509	0.289491	4.025796
7854	-2655.123	-3275.313	620.19	1.707711	1.524216	0.660437	0.339563	4.331892
7860	-2664.653	-3283.382	618.729	1.625693	2.162507	0.689774	0.310226	4.971263
7866	-2634.292	-3254.259	619.9673	1.590074	1.360128	0.551236	0.448764	4.59351
7872	-2628.717	-3248.751	620.0342	1.507236	1.29557	0.646134	0.353866	4.631675
7878	-2650.401	-3270.93	620.529	1.62864	1.650473	0.60405	0.39595	4.13416
7884	-2663.68	-3285.076	621.3953	1.548889	1.242061	0.778049	0.221951	3.861708
7890	-2669.129	-3290.533	621.4039	1.513519	1.273989	0.728706	0.271294	3.861708
7896	-2669.15	-3290.76	621.6095	1.428705	1.354475	0.617868	0.382132	3.754484
7902	-2658.88	-3280.383	621.5035	1.487914	1.409831	0.778359	0.221641	3.75652
7908	-2661.102	-3283.214	622.1116	1.473318	1.391463	0.596298	0.403702	3.419917
7914	-2675.541	-3295.293	619.7521	1.482126	1.425291	0.77918	0.22082	4.746103
7920	-2651.056	-3271.782	620.7264	1.423405	1.425291	0.74595	0.25405	4.230852
7926	-2660.513	-3280.798	620.2855	1.479306	1.42162	0.641165	0.358835	4.449995
7932	-2665.765	-3285.804	620.0393	1.4735	1.508246	0.690221	0.309779	4.555303
7938	-2651.444	-3271.261	619.8162	1.344353	1.381058	0.586291	0.413709	4.806315
7944	-2679.695	-3300.511	620.816	1.574742	1.748904	0.763127	0.236873	3.963784
7950	-2685.099	-3307.605	622.5058	1.689519	1.599947	0.648312	0.351688	2.966869
7956	-2670.549	-3290.849	620.2993	1.593336	1.599947	0.664911	0.335089	4.304289
7962	-2653.068	-3275.589	622.5212	1.577934	1.115467	0.77707	0.22293	3.254706
7968	-2681.363	-3303.766	622.4025	1.503922	1.805354	0.770953	0.229047	3.058072
7974	-2660.199	-3280.115	619.9162	1.507587	1.407006	0.697927	0.302073	4.647868
7980	-2674.7	-3295.535	620.8347	1.645564	1.251527	0.650422	0.349578	4.12234
7986	-2672.041	-3294.102	622.0608	1.812081	1.572278	0.726645	0.273355	3.171152
7992	-2674.884	-3296.042	621.158	1.638274	1.719227	0.649491	0.350509	3.741962
7998	-2656.51	-3278.017	621.5069	1.639557	1.674697	0.63191	0.36809	3.556273
8004	-2688.44	-3309.262	620.822	1.564733	1.302381	0.703312	0.296688	4.151476
8010	-2684.417	-3304.932	620.5156	1.481557	1.31263	0.67289	0.32711	4.367449
8016	-2687.92	-3307.339	619.4187	1.46024	1.75076	0.649427	0.350573	4.816515
8022	-2673.049	-3294.48	621.4313	1.687682	1.448632	0.713858	0.286142	3.6657
8028	-2668.671	-3289.451	620.7808	1.685606	1.448632	0.679793	0.320207	4.04069
8034	-2674.676	-3295.198	620.5219	1.72272	1.737112	0.625944	0.374056	4.051677
8040	-2684.593	-3305.54	620.9473	1.767276	1.398615	0.740804	0.259196	3.920662
8046	-2686.851	-3308.549	621.6982	1.793133	1.480334	0.691777	0.308223	3.435203
8052	-2670.799	-3291.447	620.6483	1.716299	1.233581	0.630217	0.369783	4.196731
8058	-2668.344	-3288.774	620.4301	1.501736	1.380392	0.73353	0.26647	4.373779
8064	-2678.02	-3297.735	619.7145	1.466526	1.46286	0.662205	0.337795	4.75997
8070	-2675.834	-3296.27	620.4369	1.653195	1.256267	0.822676	0.177324	4.341324
8076	-2659.528	-3278.718	619.1904	1.393342	1.341968	0.635987	0.364013	5.144173
8082	-2664.556	-3286.473	621.9174	1.665732	1.150294	0.758023	0.241977	3.538632
8088	-2656.834	-3277.893	621.0592	1.630301	1.168861	0.61972	0.38028	4.043909
8094	-2669.485	-3287.483	617.9984	1.448808	1.985737	0.67451	0.32549	5.528554
8100	-2659.925	-3281.357	621.4325	1.547188	1.131725	0.626631	0.373369	3.896999
8106	-2655.685	-3276.517	620.8314	1.74922	1.447506	0.729259	0.270741	3.975938
8112	-2669.522	-3290.37	620.8476	1.681279	1.447506	0.729259	0.270741	4.005488
8118	-2653.484	-3275.803	622.3187	1.663207	1.362618	0.729259	0.270741	3.199412
8124	-2650.963	-3272.575	621.6127	1.483419	0.9439595	0.688367	0.311633	3.93511
8130	-2645.539	-3265.05	619.5105	1.333868	1.317743	0.688367	0.311633	5.010424
8136	-2643.306	-3263.411	620.1048	1.4773	1.162734	0.669449	0.330551	4.67256
8142	-2660.05	-3279.615	619.5653	1.386447	1.218655	0.66703	0.33297	4.996786
8148	-2652.224	-3271.642	619.418	1.502971	1.240788	0.665891	0.334109	5.003346
8154	-2651.353	-3270.981	619.6283	1.399839	1.212945	0.693063	0.306937	4.957066
8160	-2638.171	-3258.865	620.6939	1.545255	1.212945	0.551224	0.448776	4.277908
8166	-2643.082	-3263.569	620.4865	1.619568	1.596709	0.634764	0.365236	4.184579
8172	-2656.848	-3277.65	620.8017	1.734624	1.215561	0.637187	0.362813	4.107879
8178	-2647.89	-3267.68	619.7905	1.488991	1.364016	0.57076	0.42924	4.747405
8184	-2645.775	-3266.463	620.6876	1.535689	1.214428	0.696321	0.303679	4.286133
8190	-2671.767	-3292.932	621.1653	1.749463	1.142433	0.613034	0.386966	3.92866
8196	-2669.291	-3291.568	622.2766	1.712787	1.151889	0.613034	0.386966	3.299869
8202	-2662.651	-3283.677	621.026	1.710176	1.303596	0.601238	0.398762	3.951573
8208	-2660.453	-3280.841	620.3874	1.672941	1.569507	0.513298	0.486702	4.221419
8214	-2656.848	-3278.892	622.0437	1.663254	1.186814	0.697981	0.302019	3.447458
8220	-2636.029	-3257.606	621.5769	1.712575	1.088708	0.563564	0.436436	3.741674
8226	-2650.373	-3271.187	620.8147	1.527918	1.149925	0.638124	0.361876	4.250737
8232	-2635.782	-3256.939	621.1573	1.731479	1.149925	0.665471	0.334529	3.939688
8238	-2647.411	-3268.135	620.7236	1.645621	1.596313	0.632893	0.367107	4.034924
8244	-2650.43	-3269.071	618.6416	1.292284	1.387884	0.73694	0.26306	5.482825
8250	-2660.42	-3278.563	618.1434	1.512811	1.33376	0.731167	0.268833	5.658924
8256	-2648.178	-3269.476	621.2977	1.619581	1.504812	0.632012	0.367988	3.75815
8262	-2672.8	-3293.58	620.7802	1.363487	1.352824	0.607414	0.392586	4.26632
8268	-2649.445	-3270.189	620.7447	1.513825	1.547537	0.651666	0.348334	4.117703
8274	-2661.059	-3281.824	620.7648	1.700399	1.578664	0.735732	0.264268	3.987241
8280	-2658.089	-3280.167	622.0784	1.789938	1.361484	0.659125	0.340875	3.267121
8286	-2668.537	-3288.984	620.4469	1.804953	1.662801	0.659125	0.340875	4.0758
8292	-2659.342	-3278.661	619.3191	1.539153	1.337477	0.609279	0.390721	4.993892
8298	-2652.202	-3272.44	620.2385	1.597009	1.567713	0.664339	0.335661	4.349407
8304	-2656.771	-3276.582	619.8114	1.428189	1.335559	0.726846	0.273154	4.782357
8310	-2651.596	-3271.828	620.2328	1.607046	1.296366	0.7804	0.2196	4.463624
8316	-2649.303	-3269.245	619.9418	1.716031	1.533067	0.697995	0.302005	4.463624
8322	-2663.138	-3283.434	620.296	1.616309	1.10224	0.652663	0.347337	4.518228
8328	-2665.196	-3285.765	620.569	1.676692	1.284548	0.66074	0.33926	4.239868
8334	-2686.281	-3307.777	621.4963	1.712858	1.207907	0.645778	0.354222	3.725981
8340	-2651.85	-3272.785	620.935	1.657123	1.285625	0.705279	0.294721	4.042385
8346	-2652.602	-3274.755	622.1522	1.886959	1.369323	0.597382	0.402618	3.162308
8352	-2644.623	-3266.268	621.6449	1.906305	1.43176	0.60626	0.39374	3.42154
8358	-2635.863	-3258.074	622.2106	1.921625	1.753413	0.782076	0.217924	2.942648
8364	-2644.753	-3266.555	621.8019	2.106354	1.706197	0.744392	0.255608	3.095422
8370	-2680.758	-3301.154	620.3965	1.655953	1.353948	0.674849	0.325151	4.317411
8376	-2680.513	-3302.059	621.5462	1.720812	1.423612	0.72445	0.27555	3.590885
8382	-2673.2	-3294.654	621.4537	1.813338	1.423612	0.643365	0.356635	3.590885
8388	-2683.316	-3304.772	621.4557	1.500502	1.470979	0.636584	0.363416	3.750102
8394	-2655.469	-3276.548	621.079	1.631957	1.583477	0.631082	0.368918	3.844394
8400	-2664.193	-3285.307	621.1139	1.411118	1.248461	0.640672	0.359328	4.098355
8406	-2674.684	-3295.675	620.9907	1.548697	1.456252	0.733507	0.266493	3.995741
8412	-2662.067	-3282.866	620.799	1.607246	1.538756	0.651957	0.348043	4.037122
8418	-2663.578	-3284.466	620.8879	1.744157	1.538756	0.677414	0.322586	3.907976
8424	-2673.224	-3294.499	621.2746	1.780584	1.630523	0.809099	0.190901	3.626758
8430	-2655.951	-3276.106	620.1549	1.515823	1.483278	0.694268	0.305732	4.476843
8436	-2649.092	-3269.666	620.5735	1.532478	1.786727	0.578347	0.421653	4.112336
8442	-2649.644	-3269.918	620.2736	1.523063	1.381425	0.578347	0.421653	4.449601
8448	-2653.072	-3272.075	619.0028	1.302539	1.65515	0.649498	0.350502	5.170612
8454	-2645.715	-3267.186	621.4705	1.800263	1.346777	0.649498	0.350502	3.623555
8460	-2646.492	-3267.142	620.6508	1.71197	1.318429	0.738755	0.261245	4.15769
8466	-2668.175	-3290.045	621.8703	1.797847	1.406991	0.772391	0.227609	3.364079
8472	-2673.149	-3294.716	621.5671	1.718806	1.216132	0.6647	0.3353	3.677525
8478	-2658.503	-3279.325	620.8217	1.702459	1.717888	0.667427	0.332573	3.899029
8484	-2656.744	-3277.603	620.8595	1.635322	1.412413	0.611785	0.388215	4.040246
8490	-2654.449	-3275.607	621.1582	1.457833	0.9831838	0.732719	0.267281	4.185863
8496	-2654.112	-3275.446	621.3344	1.611837	1.356909	0.669697	0.330303	3.806363
8502	-2650.481	-3271.793	621.3122	1.694715	1.434467	0.732216	0.267784	3.736693
8508	-2684.195	-3305.367	621.1723	1.666318	1.306966	0.832563	0.167437	3.891315
8514	-2686.281	-3308.079	621.7974	1.70403	1.312271	0.600002	0.399998	3.505529
8520	-2661.427	-3282.59	621.1631	1.695827	1.464611	0.652871	0.347129	3.808894
8526	-2669.142	-3289.85	620.7085	1.84095	1.926225	0.758643	0.241357	3.808894
8532	-2669.927	-3290.89	620.9621	1.772722	1.574568	0.768598	0.231402	3.834316
8538	-2661.022	-3283.43	622.4084	1.756004	1.747005	0.768598	0.231402	2.92576
8544	-2661.963	-3282.896	620.9333	1.769908	1.487259	0.620485	0.379515	3.88873
8550	-2672.593	-3292.504	619.9117	1.58471	1.629094	0.620485	0.379515	4.516358
8556	-2680.03	-3299.895	619.8652	1.495274	1.629725	0.714331	0.285669	4.59242
8562	-2637.564	-3257.924	620.3604	1.543808	1.464096	0.705725	0.294275	4.353214
8568	-2639.859	-3259.612	619.7534	1.470378	1.268477	0.722585	0.277415	4.821802
8574	-2654.565	-3273.868	619.3033	1.637822	2.221479	0.733686	0.266314	4.625937
8580	-2654.192	-3274.911	620.7187	1.749177	1.78941	0.70749	0.29251	3.904643
8586	-2656.839	-3278.832	621.993	1.761067	1.363841	0.767929	0.232071	3.333362
8592	-2672.959	-3294.987	622.0277	1.793931	1.490254	0.68112	0.31888	3.236627
8598	-2665.682	-3286.615	620.933	1.649492	2.047456	0.603745	0.396255	3.748668
8604	-2667.921	-3289.004	621.0829	1.704172	1.869259	0.60773	0.39227	3.691893
8610	-2670.975	-3292.531	621.5566	1.726435	1.348862	0.61508	0.38492	3.615467
8616	-2680.48	-3302.125	621.6448	1.807439	1.429387	0.698946	0.301054	3.480473
8622	-2651.087	-3271.582	620.4948	1.62608	1.496961	0.623221	0.376779	4.216764
8628	-2662.997	-3283.517	620.5207	1.600233	1.496961	0.642242	0.357758	4.216764
8634	-2679.967	-3301.02	621.0529	1.791192	1.596693	0.615416	0.384584	3.762414
8640	-2654.671	-3275.534	620.8627	1.704104	1.469941	0.69628	0.30372	3.974205
8646	-2645.619	-3266.158	620.5388	1.556857	1.576213	0.685665	0.314335	4.198694
8652	-2671.572	-3291.446	619.8743	1.544627	1.284167	0.653239	0.346761	4.705524
8658	-2684.958	-3306.165	621.2068	1.554495	1.474942	0.73985	0.26015	3.860582
8664	-2680.782	-3303.466	622.6839	1.572931	1.28604	0.603487	0.396513	3.07268
8670	-2666.778	-3287.799	621.0205	1.727723	1.279953	0.717976	0.282024	3.95585
8676	-2675.607	-3296.819	621.2117	1.65031	1.287664	0.764459	0.235541	3.886975
8682	-2681.543	-3302.525	620.9815	1.648844	1.428766	0.66109	0.33891	3.955639
8688	-2684.73	-3305.364	620.634	1.520784	1.630225	0.684176	0.315824	4.143689
8694	-2685.741	-3307.082	621.341	1.478884	1.023525	0.663242	0.336758	4.04695
8700	-2664.219	-3284.214	619.9944	1.358976	1.373594	0.659969	0.340031	4.701872
8706	-2655.455	-3275.162	619.7066	1.408601	1.393814	0.645072	0.354928	4.826104
8712	-2674.126	-3293.623	619.4972	1.520521	1.393814	0.746539	0.253461	4.880409
8718	-2663.258	-3282.34	619.0825	1.5605	1.944928	0.636353	0.363647	4.880409
8724	-2645.814	-3267.099	621.2848	1.55718	1.14801	0.707941	0.292059	3.967459
8730	-2655.039	-3275.269	620.23	1.644661	1.530465	0.728819	0.271181	4.342385
8736	-2646.262	-3267.571	621.3091	1.787938	1.503137	0.728819	0.271181	3.654935
8742	-2653.27	-3274.613	621.3423	1.783961	1.503137	0.721064	0.278936	3.638024
8748	-2641.194	-3263.037	621.8436	1.783961	1.16745	0.698693	0.301307	3.503834
8754	-2635.217	-3255.074	619.8573	1.536837	1.753436	0.710286	0.289714	4.527066
8760	-2644.933	-3265.193	620.2601	1.696155	1.317019	0.596218	0.403782	4.388546
8766	-2653.427	-3273.925	620.4979	1.601752	1.149084	0.645898	0.354102	4.388546
8772	-2670.839	-3292.873	622.0339	1.931496	1.412388	0.578261	0.421739	3.186231
8778	-2676.708	-3297.133	620.4254	1.784839	1.412388	0.578261	0.421739	4.202161
8784	-2682.593	-3304.729	622.1355	1.696582	1.143489	0.54812	0.45188	3.39681
8790	-2675.82	-3295.879	620.0583	1.44742	1.710349	0.642195	0.357805	4.480202
8796	-2661.296	-3279.81	618.5139	1.412761	1.280622	0.731035	0.268965	5.534223
8802	-2683.542	-3305.303	621.7609	1.761117	1.333315	0.7872	0.2128	3.483601
8808	-2685.384	-3306.766	621.3817	1.517543	1.475595	0.667289	0.332711	3.780946
8814	-2673.071	-3293.262	620.1915	1.642323	1.492044	0.662479	0.337521	4.381268
8820	-2650.768	-3271.593	620.8252	1.70871	1.585764	0.662479	0.337521	3.945034
8826	-2676.053	-3295.314	619.2612	1.560878	1.523415	0.663856	0.336144	4.935171
8832	-2687.867	-3308.378	620.5111	1.566329	1.232431	0.690586	0.309414	4.35988
8838	-2685.129	-3305.592	620.4628	1.546572	1.540934	0.730539	0.269461	4.261878
8844	-2674.494	-3293.885	619.3913	1.47377	1.540934	0.727378	0.272622	4.9042
8850	-2666.126	-3286.154	620.0288	1.529082	1.647576	0.743575	0.256425	4.474627
8856	-2667.27	-3288.652	621.3827	1.661409	1.544799	0.712574	0.287426	3.66808
8862	-2679.389	-3300.591	621.2026	1.638496	1.198487	0.559599	0.440401	3.942353
8868	-2666.203	-3286.61	620.407	1.421037	1.395175	0.701402	0.298598	4.425864
8874	-2666.827	-3287.455	620.6288	1.710605	1.571088	0.681221	0.318779	4.062077
8880	-2668.27	-3289.219	620.9488	1.529736	1.384036	0.677869	0.322131	4.062077
8886	-2668.085	-3289.676	621.5907	1.727944	1.684504	0.774265	0.225735	3.45201
8892	-2674.793	-3296.086	621.2935	1.795333	2.144336	0.716898	0.283102	3.422585
8898	-2649.817	-3271.279	621.4622	1.77659	1.694489	0.619518	0.380482	3.494772
8904	-2660.158	-3281.351	621.1935	1.721417	1.76239	0.732098	0.267902	3.657061
8910	-2680.058	-3300.894	620.8354	1.817233	1.885629	0.635912	0.364088	3.763668
8916	-2665.942	-3287.27	621.3278	1.82908	1.885629	0.625195	0.374805	3.471092
8922	-2683.128	-3304.613	621.4845	1.874241	1.885629	0.65089	0.34911	3.352866
8928	-2663.918	-3284.26	620.342	1.665527	1.393091	0.726361	0.273639	4.32547
8934	-2663.824	-3284.823	620.9988	1.748836	2.032579	0.726335	0.273665	3.658126
8940	-2667.526	-3288.486	620.9604	1.542404	1.398202	0.731136	0.268864	4.041929
8946	-2669.807	-3290.665	620.8579	1.531045	1.398202	0.742512	0.257488	4.106834
8952	-2679.94	-3300.236	620.2967	1.782294	1.896309	0.724027	0.275973	4.088633
8958	-2678.997	-3299.53	620.5334	1.741217	1.896309	0.692616	0.307384	3.976965
8964	-2668.102	-3289.682	621.5802	1.79666	1.37903	0.700183	0.299817	3.547065
8970	-2656.656	-3278.359	621.7033	1.623229	1.185124	0.638946	0.361054	3.669653
8976	-2674.329	-3294.839	620.5102	1.489735	1.476721	0.608313	0.391687	4.293796
8982	-2667.438	-3288.641	621.2033	1.652269	1.653219	0.732415	0.267585	3.733276
8988	-2690.528	-3310.61	620.0817	1.5748	1.86784	0.694171	0.305829	4.338305
8994	-2703.091	-3323.263	620.172	1.78524	1.750147	0.705119	0.294881	4.210315
9000	-2683.824	-3304.282	620.4582	1.585008	1.758324	0.65299	0.34701	4.158494
9006	-2676.739	-3297.581	620.842	1.55248	1.417349	0.720258	0.279742	4.095272
9012	-2672.334	-3293.068	620.7344	1.555123	1.674287	0.64297	0.35703	4.049861
9018	-2673.435	-3292.4	618.9645	1.587808	1.275965	0.686279	0.313721	5.191338
9024	-2656.949	-3276.885	619.9354	1.470033	1.499773	0.686279	0.313721	4.619012
9030	-2658.377	-3277.923	619.5466	1.470033	1.55195	0.682019	0.317981	4.815358
9036	-2653.737	-3274.459	620.7219	1.661339	1.445115	0.626807	0.373193	4.089625
9042	-2650.518	-3271.009	620.4906	1.567091	1.595906	0.585504	0.414496	4.212361
9048	-2650.074	-3271.839	621.7654	1.567268	1.39085	0.815105	0.184895	3.567418
9054	-2637.763	-3259.554	621.7909	1.594358	1.269318	0.613304	0.386696	3.593739
9060	-2646.167	-3268.292	622.1249	1.633933	1.269318	0.705089	0.294911	3.375641
9066	-2652.409	-3273.51	621.1001	1.639286	1.155763	0.662998	0.337002	4.02212
9072	-2642.598	-3263.431	620.8329	1.667472	1.374801	0.689176	0.310824	4.053744
9078	-2654.055	-3275.642	621.5872	1.754399	1.267663	0.68712	0.31288	3.619929
9084	-2653.042	-3273.775	620.7332	1.625445	1.188666	0.658418	0.341582	4.222133
9090	-2657.219	-3278.455	621.2359	1.600408	1.47651	0.656148	0.343852	3.816803
9096	-2638.615	-3257.821	619.2058	1.502542	1.371315	0.657877	0.342123	5.062203
9102	-2641.835	-3262.099	620.2637	1.646495	1.462785	0.686217	0.313783	4.350393
9108	-2653.934	-3274.325	620.3907	1.708888	1.216262	0.692698	0.307302	4.355186
9114	-2685.221	-3303.797	618.576	1.493068	1.391702	0.646014	0.353986	5.406768
9120	-2663.749	-3284.364	620.6149	1.66032	1.243955	0.726646	0.273354	4.242406
9126	-2657.799	-3279.171	621.3718	1.724079	1.243955	0.598575	0.401425	3.773534
9132	-2661.423	-3282.845	621.4223	1.794125	1.564155	0.607958	0.392042	3.560074
9138	-2670.15	-3291.954	621.8033	1.794125	1.205105	0.746193	0.253807	3.502065
9144	-2652.232	-3273.084	620.8528	1.779167	1.630634	0.61721	0.38279	3.870901
9150	-2657.703	-3278.199	620.4951	1.53358	1.196787	0.656684	0.343316	4.404729
9156	-2639.07	-3258.294	619.2242	1.539125	1.495319	0.663723	0.336277	4.979285
9162	-2655.986	-3276.532	620.5453	1.647959	1.46086	0.663723	0.336277	4.19092
9168	-2638.01	-3259.613	621.6033	1.800513	1.616274	0.651495	0.348505	3.429388
9174	-2647.168	-3267.504	620.3351	1.443495	1.251077	0.721107	0.278893	4.519327
9180	-2657.101	-3278.04	620.9395	1.458767	1.327293	0.721107	0.278893	4.133427
9186	-2669.459	-3289.234	619.7743	1.529405	1.787493	0.819403	0.180597	4.565482
9192	-2656.804	-3277.811	621.0063	1.51954	1.095551	0.771514	0.228486	4.175099
9198	-2661.993	-3282.072	620.0794	1.523886	1.396607	0.62434	0.37566	4.551703
9204	-2683.777	-3302.977	619.1997	1.556034	1.312699	0.682294	0.317706	5.06192
9210	-2680.502	-3301.563	621.0611	1.769333	1.055459	0.686977	0.313023	4.023269
9216	-2671.491	-3291.907	620.4164	1.453085	1.296163	0.686977	0.313023	4.44708
9222	-2681.271	-3301.655	620.3843	1.560276	1.385843	0.734121	0.265879	4.364198
9228	-2677.729	-3294.298	616.5691	1.365678	1.392045	0.651957	0.348043	6.57131
9234	-2661.47	-3281.551	620.0808	1.594476	1.265899	0.667766	0.332234	4.57036
9240	-2679.535	-3299.106	619.5705	1.516132	1.296193	0.696699	0.303301	4.88549
9246	-2689.009	-3306.675	617.6667	1.434074	1.260896	0.510417	0.489583	5.995424
9252	-2696.075	-3318.82	622.7453	1.621727	1.148924	0.72199	0.27801	3.077503
9258	-2684.672	-3308.627	623.9553	1.772672	1.123579	0.776705	0.223295	2.252532
9264	-2669.175	-3291.192	622.0169	1.635438	1.052288	0.724139	0.275861	3.551471
9270	-2670.699	-3292.247	621.5476	1.635438	1.292485	0.710847	0.289153	3.699786
9276	-2670.998	-3290.797	619.7995	1.653684	1.759434	0.767841	0.232159	4.491645
9282	-2687.951	-3307.384	619.4325	1.446655	1.380349	0.72068	0.27932	4.963383
9288	-2668.556	-3289.517	620.961	1.517745	1.547148	0.722311	0.277689	3.992269
9294	-2669.854	-3289.762	619.9072	1.668958	1.745251	0.66943	0.33057	4.427588
9300	-2669.58	-3289.102	619.5221	1.490687	1.72281	0.66943	0.33057	4.751993
9306	-2646.713	-3268.087	621.3733	1.567394	1.411562	0.758778	0.241222	3.78496
9312	-2651.492	-3272.936	621.4433	1.551033	1.343211	0.62763	0.37237	3.78496
9318	-2643.314	-3264.073	620.7587	1.548776	1.614442	0.770701	0.229299	4.062956
9324	-2635.503	-3255.644	620.1402	1.60493	1.614442	0.713257	0.286743	4.381911
9330	-2655.758	-3276.924	621.1659	1.672878	1.499662	0.770022	0.229978	3.805563
9336	-2644.762	-3265.766	621.0042	1.694583	1.283261	0.706769	0.293231	3.982566
9342	-2647.177	-3267.005	619.8276	1.558318	1.559279	0.659477	0.340523	4.605833
9348	-2640.65	-3262.37	621.7203	1.59826	1.255489	0.721508	0.278492	3.6392
9354	-2663.484	-3284.17	620.6864	1.730245	1.204641	0.623506	0.376494	4.181302
9360	-2668.521	-3290.957	622.4367	1.628921	1.456436	0.751452	0.248548	3.106746
9366	-2659.331	-3279.064	619.7333	1.49144	1.305065	0.751452	0.248548	4.804401
9372	-2659.394	-3279.266	619.8724	1.500877	1.132767	0.631183	0.368817	4.804401
9378	-2665.666	-3286.267	620.601	1.367445	1.158641	0.631183	0.368817	4.457694
9384	-2684.989	-3304.311	619.3216	1.565461	1.199114	0.609938	0.390062	5.042109
9390	-2684.566	-3306.026	621.4595	1.479513	1.353304	0.587835	0.412165	3.812155
9396	-2691.715	-3311.726	620.0112	1.46299	1.298097	0.796338	0.203662	4.668148
9402	-2684.114	-3302.969	618.8552	1.429684	1.555704	0.659649	0.340351	5.220259
9408	-2695.498	-3314.926	619.4284	1.34346	1.555704	0.611886	0.388114	4.950177
9414	-2686.284	-3307.178	620.8935	1.741544	1.12499	0.651496	0.348504	4.097516
9420	-2658.414	-3277.379	618.9649	1.391897	1.502342	0.640524	0.359476	5.201822
9426	-2665.976	-3285.998	620.0227	1.542481	1.437629	0.581648	0.418352	4.555396
9432	-2661.704	-3280.856	619.1522	1.473301	1.552759	0.765888	0.234112	5.032713
9438	-2663.208	-3282.143	618.9353	1.473301	1.374531	0.658903	0.341097	5.226806
9444	-2668.693	-3289.09	620.3976	1.562941	0.9485509	0.7551	0.2449	4.575951
9450	-2678.515	-3299.056	620.541	1.641541	1.634039	0.697823	0.302177	4.126431
9456	-2695.986	-3316.758	620.7719	1.681774	1.306466	0.740449	0.259551	4.111511
9462	-2679.267	-3299.879	620.6125	1.687805	1.504986	0.653618	0.346382	4.111511
9468	-2676.29	-3296.202	619.9124	1.626375	1.504986	0.665207	0.334793	4.542059
9474	-2665.515	-3286.004	620.4894	1.650338	1.3528	0.627325	0.372675	4.268548
9480	-2658.922	-3279.56	620.6388	1.695916	1.588037	0.605119	0.394881	4.057951
9486	-2664.257	-3284.68	620.4235	1.749661	1.529886	0.693424	0.306576	4.173498
9492	-2657.02	-3277.519	620.4994	1.749661	1.427608	0.676246	0.323754	4.173498
9498	-2654.435	-3275.044	620.6095	1.773361	1.435496	0.598368	0.401632	4.093987
9504	-2674.679	-3294.887	620.2079	1.567489	1.442717	0.659842	0.340158	4.434981
9510	-2688.443	-3310.115	621.672	1.750953	1.101494	0.659842	0.340158	3.657612
9516	-2680.088	-3301.473	621.3853	1.696152	1.323871	0.659842	0.340158	3.743669
9522	-2657.566	-3278.689	621.123	1.655047	1.585262	0.677435	0.322565	3.805068
9528	-2659.765	-3280.163	620.3974	1.540106	1.213286	0.699389	0.300611	4.448091
9534	-2665.973	-3286.326	620.3535	1.685281	1.438968	0.668388	0.331612	4.287843
9540	-2669.438	-3290.305	620.8672	1.639652	1.217313	0.694357	0.305643	4.123792
9546	-2673.969	-3293.486	619.5166	1.525902	1.625481	0.694357	0.305643	4.772092
9552	-2682.952	-3303.813	620.8605	1.68416	1.328173	0.734703	0.265297	4.049629
9558	-2688.015	-3309.789	621.7739	1.919478	1.23984	0.687684	0.312316	3.428576
9564	-2683.682	-3305.167	621.4846	1.787785	1.200228	0.687684	0.312316	3.693335
9570	-2682.814	-3305.219	622.4053	1.869205	1.316638	0.651803	0.348197	3.047162
9576	-2682.966	-3305.711	622.7445	1.911967	1.072517	0.678073	0.321927	2.946331
9582	-2678.696	-3301.59	622.8941	2.003984	1.257724	0.756783	0.243217	2.699073
9588	-2674.803	-3298.084	623.2814	1.93105	1.417613	0.641332	0.358668	2.42397
9594	-2684.56	-3306.524	621.9636	1.685691	1.551647	0.72725	0.27275	3.31202
9600	-2686.747	-3308.973	622.226	1.878488	1.551462	0.732923	0.267077	3.041943
9606	-2692.276	-3313.591	621.3147	1.704629	1.551462	0.681848	0.318152	3.679679
9612	-2688.525	-3310.064	621.5387	1.600669	1.593494	0.662124	0.337876	3.592852
9618	-2681.929	-3302.171	620.2422	1.636427	1.251216	0.699685	0.300315	4.463001
9624	-2663.465	-3285.748	622.2827	1.596951	1.251722	0.707024	0.292976	3.313336
9630	-2673.306	-3294.448	621.1416	1.640862	1.228438	0.639354	0.360646	3.96109
9636	-2664.641	-3286.506	621.8654	1.636775	1.355345	0.639354	0.360646	3.484939
9642	-2660.945	-3280.735	619.7903	1.489484	1.392103	0.794981	0.205019	4.734935
9648	-2658.1	-3277.521	619.4213	1.644658	1.600625	0.656687	0.343313	4.768609
9654	-2674.198	-3296.058	621.8592	1.780686	1.58408	0.687531	0.312469	3.303967
9660	-2653.976	-3273.69	619.7143	1.548815	1.264388	0.80817	0.19183	4.801761
9666	-2652.847	-3272.982	620.1358	1.608363	1.653047	0.661148	0.338852	4.367512
9672	-2663.873	-3284.258	620.3854	1.528029	1.267274	0.63837	0.36163	4.435794
9678	-2673.281	-3294.337	621.0552	1.52248	1.600947	0.704152	0.295848	3.913892
9684	-2680.722	-3302.118	621.3964	1.817685	1.43653	0.574306	0.425694	3.615901
9690	-2684.184	-3305.687	621.5028	1.853546	1.300855	0.646286	0.353714	3.595387
9696	-2680.374	-3302.029	621.6545	1.737529	1.257914	0.58319	0.41681	3.595387
9702	-2675.508	-3296.044	620.5364	1.596124	1.149724	0.719346	0.280654	4.369682
9708	-2687.783	-3309.451	621.6681	1.926863	1.620498	0.72187	0.27813	3.315448
9714	-2695.221	-3316.702	621.4813	1.679694	1.42117	0.653739	0.346261	3.653463
9720	-2681.896	-3303.445	621.5486	1.674285	1.222195	0.666509	0.333491	3.71096
9726	-2664.812	-3286.779	621.9665	1.474396	1.055085	0.648775	0.351225	3.672575
9732	-2663.32	-3283.193	619.8726	1.454374	1.062501	0.667432	0.332568	4.866742
9738	-2675.888	-3297.441	621.5534	1.516515	0.9231125	0.675377	0.324623	3.962698
9744	-2655.54	-3277.232	621.6923	1.780823	1.028494	0.715707	0.284293	3.668845
9750	-2656.211	-3275.798	619.5864	1.548061	1.377858	0.742998	0.257002	4.822289
9756	-2643.167	-3262.613	619.4452	1.534017	1.587177	0.698572	0.301428	4.822289
9762	-2651.824	-3270.992	619.1681	1.68833	1.87038	0.673962	0.326038	4.786696
9768	-2652.844	-3272.526	619.6814	1.576251	1.868756	0.757897	0.242103	4.562634
9774	-2660.163	-3281.806	621.6425	1.456247	1.261973	0.671739	0.328261	3.763125
9780	-2654.012	-3274.532	620.5196	1.597862	1.34424	0.707537	0.292463	4.285026
9786	-2637.183	-3258.305	621.1225	1.63605	1.373921	0.67369	0.32631	3.906512
9792	-2642.247	-3263.258	621.0113	1.63644	1.520605	0.624569	0.375431	3.906512
9798	-2647.842	-3268.899	621.0576	1.777658	1.375085	0.62329	0.37671	3.861967
9804	-2649.611	-3270.825	621.2137	1.621468	1.375085	0.606506	0.393494	3.861967
9810	-2642.629	-3263.829	621.1999	1.649287	1.392431	0.69988	0.30012	3.846127
9816	-2657.559	-3278.851	621.2925	1.621639	1.463181	0.69988	0.30012	3.777729
9822	-2656.706	-3277.158	620.4518	1.593147	1.719372	0.714175	0.285825	4.171994
9828	-2666.938	-3287.232	620.2945	1.652669	1.539347	0.716982	0.283018	4.297748
9834	-2683.702	-3302.414	618.7122	1.535879	1.625146	0.601333	0.398667	5.213666
9840	-2660.27	-3279.156	618.8862	1.476595	1.465281	0.713028	0.286972	5.213666
9846	-2667.226	-3287.4	620.1743	1.580976	1.616791	0.704488	0.295512	4.375308
9852	-2656.397	-3276.562	620.1648	1.398123	1.543905	0.70714	0.29286	4.512599
9858	-2660.458	-3280.398	619.94	1.514538	1.203871	0.749963	0.250037	4.72369
9864	-2650.14	-3270.399	620.2588	1.667972	1.203871	0.71859	0.28141	4.458681
9870	-2657.63	-3279.855	622.2251	2.007375	1.479497	0.616524	0.383476	2.996645
9876	-2664.415	-3286.285	621.87	1.9707	1.440737	0.686033	0.313967	3.247217
9882	-2674.5	-3294.768	620.2675	1.794154	1.860855	0.689532	0.310468	4.110967
9888	-2661.436	-3281.965	620.5287	1.773763	1.503227	0.685593	0.314407	4.110967
9894	-2666.487	-3288.305	621.8189	1.762096	1.835384	0.731206	0.268794	3.240235
9900	-2656.056	-3277.608	621.5524	1.837367	1.230227	0.656816	0.343184	3.610318
9906	-2658.163	-3279.148	620.9847	1.765875	1.656049	0.684054	0.315946	3.792722
9912	-2670.348	-3290.441	620.0928	1.519645	1.662664	0.684054	0.315946	4.438114
9918	-2671.204	-3293.736	622.5315	1.663011	1.276056	0.684054	0.315946	3.1148
9924	-2657.48	-3279.144	621.6636	1.673359	1.276056	0.684054	0.315946	3.618559
9930	-2660.098	-3281.595	621.4963	1.793743	1.394076	0.547834	0.452166	3.590725
9936	-2647.303	-3268.853	621.5503	1.881835	1.536183	0.693774	0.306226	3.445936
9942	-2667.595	-3289.433	621.8386	1.816637	1.229811	0.745138	0.254862	3.45593
9948	-2664.465	-3287.363	622.8982	1.82026	1.19258	0.616722	0.383278	2.842754
9954	-2653.994	-3276.172	622.1788	1.787966	1.258667	0.616722	0.383278	3.258507
9960	-2658.976	-3278.997	620.0206	1.762963	0.9809869	0.575436	0.424564	4.656484
9966	-2663.883	-3284.996	621.1127	1.775889	1.282165	0.521112	0.478888	3.874346
9972	-2656.285	-3277.276	620.9917	1.738775	1.289046	0.680563	0.319437	3.961718
9978	-2655.89	-3275.041	619.1509	1.559325	1.229168	0.679495	0.320505	5.125805
9984	-2666.832	-3286.988	620.1559	1.336231	1.303296	0.527441	0.472559	4.655749
9990	-2667.134	-3288.074	620.9402	1.318382	1.298312	0.527441	0.472559	4.226173
9996	-2657.262	-3278.242	620.9799	1.555491	0.9088526	0.719681	0.280319	4.275553
10002	-2662.206	-3284.382	622.1767	1.485993	1.138104	0.710643	0.289357	3.498731
10008	-2657.908	-3277.348	619.4395	1.504735	1.125423	0.695909	0.304091	5.046891
10014	-2659.468	-3280.916	621.4481	1.647357	1.260055	0.677549	0.322451	3.765946
10020	-2660.282	-3281.264	620.9813	1.696447	1.096337	0.695009	0.304991	4.088275
10026	-2677.999	-3300.114	622.1158	1.741685	1.096337	0.751393	0.248607	3.407257
10032	-2670.568	-3290.039	619.4711	1.529213	1.671432	0.628707	0.371293	4.778098
10038	-2685.759	-3305.855	620.0953	1.534456	1.643833	0.760458	0.239542	4.435603
10044	-2700.28	-3321.995	621.7145	1.580722	1.238664	0.590275	0.409725	3.660967
10050	-2660.33	-3280.845	620.5147	1.595541	1.764125	0.76074	0.23926	4.118223
10056	-2666.447	-3287.442	620.9949	1.682588	1.383659	0.732939	0.267061	3.948586
10062	-2661.592	-3281.526	619.933	1.925994	1.659513	0.747746	0.252254	4.300085
10068	-2660.975	-3281.694	620.7193	1.826621	2.556763	0.684672	0.315328	3.614666
10074	-2671.435	-3291.966	620.5315	1.476642	1.383031	0.752788	0.247212	4.329523
10080	-2650.949	-3270.883	619.934	1.69478	1.893812	0.683781	0.316219	4.344906
10086	-2658.796	-3278.771	619.9755	1.653321	1.893812	0.604262	0.395738	4.344906
10092	-2661.995	-3281.378	619.3822	1.615082	1.539735	0.731713	0.268287	4.831002
10098	-2667.311	-3289.059	621.7476	1.724584	1.767162	0.733177	0.266823	3.330024
10104	-2656.497	-3277.061	620.5641	1.619952	1.73202	0.60244	0.39756	4.088095
10110	-2646.598	-3266.352	619.754	1.593909	2.114152	0.759706	0.240294	4.430545
10116	-2649.373	-3269.547	620.1739	1.576931	1.486066	0.691868	0.308132	4.430545
10122	-2657.816	-3278.484	620.6677	1.771146	1.395033	0.691868	0.308132	4.07982
10128	-2667.705	-3287.585	619.88	1.705181	1.395033	0.69234	0.30766	4.562567
10134	-2669.849	-3290.557	620.7079	1.564524	1.370033	0.665672	0.334328	4.185587
10140	-2656.581	-3275.873	619.2922	1.385643	1.263544	0.665672	0.334328	5.127627
10146	-2646.721	-3266.907	620.1862	1.562572	1.263544	0.748286	0.251714	4.530186
10152	-2653.401	-3274.844	621.4424	1.74917	1.263544	0.679241	0.320759	3.708771
10158	-2664.839	-3286.107	621.2676	1.906153	1.28491	0.716857	0.283143	3.708771
10164	-2656.527	-3277.691	621.1639	1.705768	1.695284	0.743802	0.256198	3.708771
10170	-2656.752	-3278.665	621.9138	1.89068	1.448199	0.633487	0.366513	3.265286
10176	-2661.609	-3282.964	621.3551	1.650189	1.144692	0.633487	0.366513	3.875591
10182	-2663.475	-3284.645	621.1705	1.661047	1.519771	0.549329	0.450671	3.801259
10188	-2674.597	-3295.497	620.9005	1.658315	1.563572	0.549329	0.450671	3.939744
10194	-2651.553	-3271.338	619.785	1.524326	1.49469	0.677931	0.322069	4.674962
10200	-2651.81	-3272.488	620.6772	1.479794	1.384053	0.677931	0.322069	4.244814
10206	-2648.568	-3269.779	621.2114	1.636876	1.479362	0.637101	0.362899	3.808727
10212	-2654.205	-3275.563	621.3586	1.489618	1.479362	0.820543	0.179457	3.808727
10218	-2650.399	-3271.175	620.7755	1.5404	1.531086	0.717535	0.282465	4.091813
10224	-2638.861	-3258.495	619.6332	1.428103	1.794482	0.674293	0.325707	4.698878
10230	-2647.743	-3268.918	621.1751	1.706101	1.284143	0.747395	0.252605	3.877652
10236	-2656.301	-3277.048	620.747	1.642714	1.695136	0.76777	0.23223	3.984648
10242	-2653.338	-3274.238	620.9008	1.692726	1.410634	0.598446	0.401554	3.984648
10248	-2665.942	-3286.849	620.9072	1.686266	1.410634	0.696655	0.303345	3.984648
10254	-2660.531	-3279.819	619.2879	1.489833	1.386002	0.730377	0.269623	5.017305
10260	-2673.716	-3293.495	619.7793	1.489417	1.84233	0.660138	0.339862	4.565637
10266	-2658.997	-3279.214	620.2162	1.444569	1.564412	0.726738	0.273262	4.449315
10272	-2662.658	-3282.25	619.5917	1.56566	1.588626	0.551682	0.448318	4.722227
10278	-2666.364	-3285.357	618.9926	1.60993	1.284803	0.784462	0.215538	5.159498
10284	-2652.796	-3272.768	619.9726	1.600587	2.19363	0.644994	0.355006	4.278434
10290	-2654.722	-3274.451	619.7295	1.665364	1.79614	0.644994	0.355006	4.511182
10296	-2667.257	-3288.316	621.0587	1.802306	1.449617	0.612029	0.387971	3.814178
10302	-2662.143	-3283.233	621.0901	1.770898	1.449617	0.612029	0.387971	3.814178
10308	-2665.043	-3286.414	621.371	1.591726	1.449617	0.55771	0.44229	3.755575
10314	-2643.692	-3265.125	621.4325	1.769484	1.411878	0.63075	0.36925	3.63387
10320	-2666.156	-3286.565	620.4094	1.710759	1.538646	0.645851	0.354149	4.200002
10326	-2664.143	-3284.243	620.0997	1.740769	1.538646	0.750853	0.249147	4.358319
10332	-2655.586	-3276.974	621.3885	1.740769	1.474216	0.600544	0.399456	3.648661
10338	-2676.458	-3298.083	621.6249	1.615213	1.330875	0.767202	0.232798	3.648661
10344	-2692.058	-3312.942	620.8841	1.737223	1.550258	0.701561	0.298439	3.909408
10350	-2672.159	-3293.195	621.0363	1.650769	1.113689	0.701561	0.298439	4.073786
10356	-2679.438	-3300.71	621.2714	1.718947	1.414918	0.6513	0.3487	3.754856
10362	-2667.332	-3288.952	621.6203	1.684878	1.279636	0.668125	0.331875	3.635256
10368	-2665.571	-3286.21	620.6389	1.684878	1.510847	0.628151	0.371849	4.095673
10374	-2649.626	-3269.261	619.6345	1.592552	1.797769	0.735402	0.264598	4.604817
10380	-2645.715	-3266.225	620.5102	1.663158	1.836851	0.708967	0.291033	4.055856
10386	-2662.993	-3283.426	620.4324	1.43936	1.59472	0.630246	0.369754	4.318146
10392	-2680.469	-3300.462	619.9932	1.380276	1.653037	0.700778	0.299222	4.576163
10398	-2686.878	-3305.043	618.1653	1.289116	1.512258	0.653657	0.346343	5.694665
10404	-2681.195	-3303.125	621.9293	1.885684	1.533696	0.592977	0.407023	3.221776
10410	-2661.723	-3282.736	621.0137	1.58839	1.533696	0.671983	0.328017	3.92723
10416	-2663.334	-3284.464	621.1304	1.593627	1.707525	0.664811	0.335189	3.788098
10422	-2654.121	-3275.291	621.1704	1.694434	1.630095	0.664811	0.335189	3.737097
10428	-2653.969	-3275.09	621.1211	1.710281	1.432508	0.674209	0.325791	3.838685
10434	-2678.604	-3299.645	621.0419	1.658878	1.634161	0.689997	0.310003	3.830014
10440	-2660.411	-3281.208	620.7969	1.650076	1.144979	0.689997	0.310003	4.194085
10446	-2664.683	-3285.418	620.735	1.38126	1.216312	0.689997	0.310003	4.34575
10452	-2664.64	-3284.549	619.9086	1.576731	1.438422	0.499146	0.500854	4.599929
10458	-2658.207	-3278.036	619.8289	1.576731	1.546484	0.629928	0.370072	4.599929
10464	-2656.845	-3276.947	620.1024	1.646741	1.933453	0.713955	0.286045	4.263183
10470	-2660.706	-3280.701	619.995	1.453197	1.484345	0.626696	0.373304	4.601451
10476	-2658.524	-3276.467	617.9432	1.44377	1.730925	0.681627	0.318373	5.648656
10482	-2666.853	-3285.759	618.9062	1.526179	1.537683	0.672879	0.327121	5.145788
10488	-2650.838	-3269.792	618.9543	1.526179	1.472041	0.670664	0.329336	5.145788
10494	-2651.171	-3270.005	618.8342	1.586304	2.097298	0.657068	0.342932	4.954932
10500	-2664.003	-3283.92	619.9167	1.619051	1.228594	0.61335	0.38665	4.666293
10506	-2662.816	-3282.394	619.5778	1.514325	1.415557	0.615469	0.384531	4.829594
10512	-2682.18	-3302.655	620.4752	1.761438	1.695544	0.71409	0.28591	4.071891
10518	-2653.991	-3273.793	619.8029	1.509196	1.688567	0.71409	0.28591	4.597172
10524	-2655.848	-3275.478	619.6299	1.586461	1.836223	0.740801	0.259199	4.597172
10530	-2649.454	-3270.698	621.2435	1.834536	1.383137	0.772921	0.227079	3.718458
10536	-2656.463	-3277.569	621.106	1.764344	1.483336	0.771438	0.228562	3.794287
10542	-2650.405	-3271.288	620.8826	1.723963	1.61671	0.69317	0.30683	3.891018
10548	-2660.013	-3280.368	620.3548	1.629147	1.560779	0.701154	0.298846	4.268212
10554	-2671.264	-3291.27	620.0061	1.762485	1.604329	0.71346	0.28654	4.372687
10560	-2662.189	-3281.662	619.4724	1.527484	1.551564	0.692074	0.307926	4.824818
10566	-2662.729	-3283.323	620.5933	1.620554	1.264026	0.763394	0.236606	4.267617
10572	-2667.145	-3288.418	621.2729	1.623393	1.188404	0.739053	0.260947	3.915749
10578	-2669.019	-3290.197	621.1777	1.728306	1.358743	0.763308	0.236692	3.828703
10584	-2671.47	-3289.329	617.8582	1.477707	1.633778	0.67873	0.32127	5.712455
10590	-2662.734	-3282.449	619.715	1.538655	1.553888	0.656066	0.343934	4.682116
10596	-2654.915	-3274.732	619.8165	1.510956	1.453246	0.748276	0.251724	4.682116
10602	-2649.839	-3269.871	620.0313	1.716191	1.629397	0.724823	0.275177	4.374749
10608	-2643.677	-3265.051	621.3746	1.287633	1.459804	0.676864	0.323136	3.923925
10614	-2664.078	-3284.16	620.0826	1.607359	1.376096	0.593284	0.406716	4.512001
10620	-2664.275	-3284.832	620.5567	1.705728	1.538368	0.683722	0.316278	4.119243
10626	-2670.531	-3291.885	621.3536	1.743441	1.365474	0.787368	0.212632	3.715506
10632	-2657.864	-3279.382	621.5177	1.844374	1.631581	0.752652	0.247348	3.447614
10638	-2684.735	-3306.147	621.4123	1.717227	1.532816	0.752652	0.247348	3.623592
10644	-2679.087	-3301.506	622.4184	1.631535	1.441347	0.669631	0.330369	3.122833
10650	-2665.022	-3286.817	621.795	1.557948	1.802716	0.664396	0.335604	3.386685
10656	-2665.829	-3288.293	622.4637	1.670901	1.333226	0.75132	0.24868	3.122683
10662	-2662.678	-3284.192	621.5142	1.835543	1.250066	0.736844	0.263156	3.623762
10668	-2669.817	-3291.631	621.8138	1.557645	1.212721	0.622819	0.377181	3.629686
10674	-2655.88	-3278.69	622.8101	1.631182	1.212721	0.64177	0.35823	2.999416
10680	-2653.389	-3275.858	622.4686	1.58129	1.281369	0.698026	0.301974	3.19809
10686	-2652.927	-3273.384	620.4566	1.576103	1.229886	0.697764	0.302236	4.386331
10692	-2655.932	-3275.268	619.3355	1.430134	1.26731	0.768046	0.231954	5.077194
10698	-2652.618	-3273.348	620.7296	1.589502	1.368298	0.686895	0.313105	4.159825
10704	-2647.285	-3268.068	620.783	1.427485	1.414734	0.736743	0.263257	4.200995
10710	-2683.631	-3303.595	619.9637	1.351232	1.158193	0.703598	0.296402	4.82416
10716	-2670.845	-3290.648	619.8034	1.348422	1.455207	0.66712	0.33288	4.779452
10722	-2650.478	-3268.686	618.2078	1.298666	1.735647	0.678726	0.321274	5.581375
10728	-2639.634	-3262.044	622.4099	1.588882	1.262676	0.731749	0.268251	3.237566
10734	-2656.965	-3280.485	623.5196	1.64225	1.209342	0.731749	0.268251	2.561697
10740	-2641.358	-3262.352	620.9933	1.548423	1.439642	0.673592	0.326408	4.001564
10746	-2651.237	-3274.231	622.9933	1.708425	1.305539	0.733532	0.266468	2.794863
10752	-2649.391	-3272.604	623.2128	1.655556	1.313134	0.623107	0.376893	2.689194
10758	-2648.104	-3270.968	622.8638	1.564628	1.196216	0.752199	0.247801	3.015719
10764	-2670.94	-3292.581	621.6415	1.623416	1.454866	0.653557	0.346443	3.578325
10770	-2667.605	-3288.413	620.8079	1.352338	1.524737	0.59542	0.40458	4.182957
10776	-2657.868	-3277.845	619.9766	1.430803	1.524737	0.61986	0.38014	4.607718
10782	-2655.157	-3277.686	622.5286	1.577815	1.229631	0.61986	0.38014	3.190421
10788	-2669.097	-3290.55	621.4531	1.591715	1.323761	0.702822	0.297178	3.764879
10794	-2683.185	-3302.705	619.5198	1.631765	1.811092	0.614555	0.385445	4.642388
10800	-2658.245	-3279.884	621.6397	1.589653	1.546863	0.618175	0.381825	3.559726
10806	-2660.761	-3281.701	620.9407	1.571705	1.488161	0.73668	0.26332	3.9976
10812	-2673.13	-3293.38	620.2501	1.611711	1.653206	0.73865	0.26135	4.300943
10818	-2668.334	-3289.878	621.5439	1.850053	1.364185	0.721737	0.278263	3.543933
10824	-2663.941	-3285.008	621.0665	1.683782	1.672581	0.632673	0.367327	3.786448
10830	-2659.338	-3280.814	621.476	1.872235	1.405	0.582461	0.417539	3.551997
10836	-2650.003	-3270.664	620.6619	1.841324	1.548008	0.673114	0.326886	3.977957
10842	-2652.801	-3273.029	620.2282	1.577124	1.459674	0.763855	0.236145	4.41094
10848	-2649.334	-3270.753	621.419	2.016128	1.884458	0.627587	0.372413	3.308356
10854	-2689.928	-3311.222	621.2938	1.701274	1.525644	0.691811	0.308189	3.704427
10860	-2686.013	-3306.895	620.8813	1.748344	1.485215	0.615039	0.384961	3.93173
10866	-2658.08	-3279.629	621.5485	1.732181	1.533456	0.697444	0.302556	3.535491
10872	-2650.641	-3272.164	621.5223	1.800483	1.475967	0.697444	0.302556	3.535491
10878	-2653.209	-3274.518	621.3095	1.829826	1.739135	0.697444	0.302556	3.535491
10884	-2649.909	-3271.391	621.4819	1.938446	1.481429	0.698195	0.301805	3.476246
10890	-2677.598	-3298.535	620.9363	1.624557	1.368926	0.674319	0.325681	4.02186
10896	-2663.784	-3283.739	619.9541	1.340709	1.191053	0.67964	0.32036	4.819154
10902	-6219.648	-6840.057	620.4095	1.793143	2.169783	0.605642	0.394358	3.927421
10908	-7723.569	-8341.027	617.458	1.159727	0.6207195	0.611153	0.388847	6.630831
11004	-26736.84	-27318.5	581.6588	1.702451	2466.549	0.736331	0.263669	16.78099
11106	-53235.28	-53665.01	429.7316	2.648036	1.241413e+07	0.101363	0.898637	75.90166
11202	-66932.24	-66785.25	-146.9921	3.370946	9.764791e+08	0.167345	0.832655	352.3836
11208	-62114.99	-62090.43	-24.55526	2.236942	2.077125e+08	0.533392	0.466608	296.2744
11304	-85055.36	-79537.4	-5517.958	2.195598	4.366834e+10	0.595731	0.404269	3026.893
